DS_Name,T,N,p,k,Bin,Cost,SDratio,correl,cancor1,cancor2,fract1,fract2,skewness,kurtosis,Hc,Hx,MCx,EnAtr,NSRatio,Alg_Name,binaryClass
Aust_Credit,690,690,14,2,4,0,1.2623,0.1024,0.7713,,1,,1.9701,12.5538,0.9912,2.3012,0.113,8.77168,19.3646,Ac2,P
Aust_Credit,690,690,14,2,4,0,1.2623,0.1024,0.7713,,1,,1.9701,12.5538,0.9912,2.3012,0.113,8.77168,19.3646,Alloc80,P
Aust_Credit,690,690,14,2,4,0,1.2623,0.1024,0.7713,,1,,1.9701,12.5538,0.9912,2.3012,0.113,8.77168,19.3646,BackProp,P
Aust_Credit,690,690,14,2,4,0,1.2623,0.1024,0.7713,,1,,1.9701,12.5538,0.9912,2.3012,0.113,8.77168,19.3646,Bayes,P
Aust_Credit,690,690,14,2,4,0,1.2623,0.1024,0.7713,,1,,1.9701,12.5538,0.9912,2.3012,0.113,8.77168,19.3646,BayesTree,P
Aust_Credit,690,690,14,2,4,0,1.2623,0.1024,0.7713,,1,,1.9701,12.5538,0.9912,2.3012,0.113,8.77168,19.3646,C4_5,P
Aust_Credit,690,690,14,2,4,0,1.2623,0.1024,0.7713,,1,,1.9701,12.5538,0.9912,2.3012,0.113,8.77168,19.3646,CART,P
Aust_Credit,690,690,14,2,4,0,1.2623,0.1024,0.7713,,1,,1.9701,12.5538,0.9912,2.3012,0.113,8.77168,19.3646,Cal5,P
Aust_Credit,690,690,14,2,4,0,1.2623,0.1024,0.7713,,1,,1.9701,12.5538,0.9912,2.3012,0.113,8.77168,19.3646,Cascade,P
Aust_Credit,690,690,14,2,4,0,1.2623,0.1024,0.7713,,1,,1.9701,12.5538,0.9912,2.3012,0.113,8.77168,19.3646,Castle,P
Aust_Credit,690,690,14,2,4,0,1.2623,0.1024,0.7713,,1,,1.9701,12.5538,0.9912,2.3012,0.113,8.77168,19.3646,Cn2,P
Aust_Credit,690,690,14,2,4,0,1.2623,0.1024,0.7713,,1,,1.9701,12.5538,0.9912,2.3012,0.113,8.77168,19.3646,Default,P
Aust_Credit,690,690,14,2,4,0,1.2623,0.1024,0.7713,,1,,1.9701,12.5538,0.9912,2.3012,0.113,8.77168,19.3646,Dipol92,P
Aust_Credit,690,690,14,2,4,0,1.2623,0.1024,0.7713,,1,,1.9701,12.5538,0.9912,2.3012,0.113,8.77168,19.3646,Discrim,P
Aust_Credit,690,690,14,2,4,0,1.2623,0.1024,0.7713,,1,,1.9701,12.5538,0.9912,2.3012,0.113,8.77168,19.3646,ITrule,P
Aust_Credit,690,690,14,2,4,0,1.2623,0.1024,0.7713,,1,,1.9701,12.5538,0.9912,2.3012,0.113,8.77168,19.3646,IndCART,P
Aust_Credit,690,690,14,2,4,0,1.2623,0.1024,0.7713,,1,,1.9701,12.5538,0.9912,2.3012,0.113,8.77168,19.3646,KNN,P
Aust_Credit,690,690,14,2,4,0,1.2623,0.1024,0.7713,,1,,1.9701,12.5538,0.9912,2.3012,0.113,8.77168,19.3646,Kohonen,P
Aust_Credit,690,690,14,2,4,0,1.2623,0.1024,0.7713,,1,,1.9701,12.5538,0.9912,2.3012,0.113,8.77168,19.3646,LVQ,P
Aust_Credit,690,690,14,2,4,0,1.2623,0.1024,0.7713,,1,,1.9701,12.5538,0.9912,2.3012,0.113,8.77168,19.3646,LogDisc,P
Aust_Credit,690,690,14,2,4,0,1.2623,0.1024,0.7713,,1,,1.9701,12.5538,0.9912,2.3012,0.113,8.77168,19.3646,NewId,P
Aust_Credit,690,690,14,2,4,0,1.2623,0.1024,0.7713,,1,,1.9701,12.5538,0.9912,2.3012,0.113,8.77168,19.3646,QuaDisc,P
Aust_Credit,690,690,14,2,4,0,1.2623,0.1024,0.7713,,1,,1.9701,12.5538,0.9912,2.3012,0.113,8.77168,19.3646,RBF,P
Aust_Credit,690,690,14,2,4,0,1.2623,0.1024,0.7713,,1,,1.9701,12.5538,0.9912,2.3012,0.113,8.77168,19.3646,Smart,P
BT,16000,20000,7,2,0,0,1.0975,0.1146,0.6109,,1,,6.1012,93.1399,0.2893,2.7416,0.0495,5.84444,54.3859,Ac2,P
BT,16000,20000,7,2,0,0,1.0975,0.1146,0.6109,,1,,6.1012,93.1399,0.2893,2.7416,0.0495,5.84444,54.3859,Alloc80,P
BT,16000,20000,7,2,0,0,1.0975,0.1146,0.6109,,1,,6.1012,93.1399,0.2893,2.7416,0.0495,5.84444,54.3859,BackProp,P
BT,16000,20000,7,2,0,0,1.0975,0.1146,0.6109,,1,,6.1012,93.1399,0.2893,2.7416,0.0495,5.84444,54.3859,Bayes,P
BT,16000,20000,7,2,0,0,1.0975,0.1146,0.6109,,1,,6.1012,93.1399,0.2893,2.7416,0.0495,5.84444,54.3859,BayesTree,P
BT,16000,20000,7,2,0,0,1.0975,0.1146,0.6109,,1,,6.1012,93.1399,0.2893,2.7416,0.0495,5.84444,54.3859,C4_5,P
BT,16000,20000,7,2,0,0,1.0975,0.1146,0.6109,,1,,6.1012,93.1399,0.2893,2.7416,0.0495,5.84444,54.3859,CART,N
BT,16000,20000,7,2,0,0,1.0975,0.1146,0.6109,,1,,6.1012,93.1399,0.2893,2.7416,0.0495,5.84444,54.3859,Cal5,P
BT,16000,20000,7,2,0,0,1.0975,0.1146,0.6109,,1,,6.1012,93.1399,0.2893,2.7416,0.0495,5.84444,54.3859,Cascade,N
BT,16000,20000,7,2,0,0,1.0975,0.1146,0.6109,,1,,6.1012,93.1399,0.2893,2.7416,0.0495,5.84444,54.3859,Castle,P
BT,16000,20000,7,2,0,0,1.0975,0.1146,0.6109,,1,,6.1012,93.1399,0.2893,2.7416,0.0495,5.84444,54.3859,Cn2,P
BT,16000,20000,7,2,0,0,1.0975,0.1146,0.6109,,1,,6.1012,93.1399,0.2893,2.7416,0.0495,5.84444,54.3859,Default,P
BT,16000,20000,7,2,0,0,1.0975,0.1146,0.6109,,1,,6.1012,93.1399,0.2893,2.7416,0.0495,5.84444,54.3859,Dipol92,P
BT,16000,20000,7,2,0,0,1.0975,0.1146,0.6109,,1,,6.1012,93.1399,0.2893,2.7416,0.0495,5.84444,54.3859,Discrim,P
BT,16000,20000,7,2,0,0,1.0975,0.1146,0.6109,,1,,6.1012,93.1399,0.2893,2.7416,0.0495,5.84444,54.3859,ITrule,P
BT,16000,20000,7,2,0,0,1.0975,0.1146,0.6109,,1,,6.1012,93.1399,0.2893,2.7416,0.0495,5.84444,54.3859,IndCART,P
BT,16000,20000,7,2,0,0,1.0975,0.1146,0.6109,,1,,6.1012,93.1399,0.2893,2.7416,0.0495,5.84444,54.3859,KNN,P
BT,16000,20000,7,2,0,0,1.0975,0.1146,0.6109,,1,,6.1012,93.1399,0.2893,2.7416,0.0495,5.84444,54.3859,Kohonen,P
BT,16000,20000,7,2,0,0,1.0975,0.1146,0.6109,,1,,6.1012,93.1399,0.2893,2.7416,0.0495,5.84444,54.3859,LVQ,P
BT,16000,20000,7,2,0,0,1.0975,0.1146,0.6109,,1,,6.1012,93.1399,0.2893,2.7416,0.0495,5.84444,54.3859,LogDisc,P
BT,16000,20000,7,2,0,0,1.0975,0.1146,0.6109,,1,,6.1012,93.1399,0.2893,2.7416,0.0495,5.84444,54.3859,NewId,P
BT,16000,20000,7,2,0,0,1.0975,0.1146,0.6109,,1,,6.1012,93.1399,0.2893,2.7416,0.0495,5.84444,54.3859,QuaDisc,P
BT,16000,20000,7,2,0,0,1.0975,0.1146,0.6109,,1,,6.1012,93.1399,0.2893,2.7416,0.0495,5.84444,54.3859,RBF,P
BT,16000,20000,7,2,0,0,1.0975,0.1146,0.6109,,1,,6.1012,93.1399,0.2893,2.7416,0.0495,5.84444,54.3859,Smart,P
Belgian,1250,2500,28,2,0,0,1.5124,0.3503,0.8869,,1,,0.4334,2.6581,0.9453,5.4853,0.3172,2.98014,16.2929,Ac2,P
Belgian,1250,2500,28,2,0,0,1.5124,0.3503,0.8869,,1,,0.4334,2.6581,0.9453,5.4853,0.3172,2.98014,16.2929,Alloc80,P
Belgian,1250,2500,28,2,0,0,1.5124,0.3503,0.8869,,1,,0.4334,2.6581,0.9453,5.4853,0.3172,2.98014,16.2929,BackProp,P
Belgian,1250,2500,28,2,0,0,1.5124,0.3503,0.8869,,1,,0.4334,2.6581,0.9453,5.4853,0.3172,2.98014,16.2929,Bayes,P
Belgian,1250,2500,28,2,0,0,1.5124,0.3503,0.8869,,1,,0.4334,2.6581,0.9453,5.4853,0.3172,2.98014,16.2929,BayesTree,P
Belgian,1250,2500,28,2,0,0,1.5124,0.3503,0.8869,,1,,0.4334,2.6581,0.9453,5.4853,0.3172,2.98014,16.2929,C4_5,P
Belgian,1250,2500,28,2,0,0,1.5124,0.3503,0.8869,,1,,0.4334,2.6581,0.9453,5.4853,0.3172,2.98014,16.2929,CART,P
Belgian,1250,2500,28,2,0,0,1.5124,0.3503,0.8869,,1,,0.4334,2.6581,0.9453,5.4853,0.3172,2.98014,16.2929,Cal5,P
Belgian,1250,2500,28,2,0,0,1.5124,0.3503,0.8869,,1,,0.4334,2.6581,0.9453,5.4853,0.3172,2.98014,16.2929,Cascade,N
Belgian,1250,2500,28,2,0,0,1.5124,0.3503,0.8869,,1,,0.4334,2.6581,0.9453,5.4853,0.3172,2.98014,16.2929,Castle,P
Belgian,1250,2500,28,2,0,0,1.5124,0.3503,0.8869,,1,,0.4334,2.6581,0.9453,5.4853,0.3172,2.98014,16.2929,Cn2,P
Belgian,1250,2500,28,2,0,0,1.5124,0.3503,0.8869,,1,,0.4334,2.6581,0.9453,5.4853,0.3172,2.98014,16.2929,Default,N
Belgian,1250,2500,28,2,0,0,1.5124,0.3503,0.8869,,1,,0.4334,2.6581,0.9453,5.4853,0.3172,2.98014,16.2929,Dipol92,P
Belgian,1250,2500,28,2,0,0,1.5124,0.3503,0.8869,,1,,0.4334,2.6581,0.9453,5.4853,0.3172,2.98014,16.2929,Discrim,P
Belgian,1250,2500,28,2,0,0,1.5124,0.3503,0.8869,,1,,0.4334,2.6581,0.9453,5.4853,0.3172,2.98014,16.2929,ITrule,P
Belgian,1250,2500,28,2,0,0,1.5124,0.3503,0.8869,,1,,0.4334,2.6581,0.9453,5.4853,0.3172,2.98014,16.2929,IndCART,P
Belgian,1250,2500,28,2,0,0,1.5124,0.3503,0.8869,,1,,0.4334,2.6581,0.9453,5.4853,0.3172,2.98014,16.2929,KNN,P
Belgian,1250,2500,28,2,0,0,1.5124,0.3503,0.8869,,1,,0.4334,2.6581,0.9453,5.4853,0.3172,2.98014,16.2929,Kohonen,P
Belgian,1250,2500,28,2,0,0,1.5124,0.3503,0.8869,,1,,0.4334,2.6581,0.9453,5.4853,0.3172,2.98014,16.2929,LVQ,P
Belgian,1250,2500,28,2,0,0,1.5124,0.3503,0.8869,,1,,0.4334,2.6581,0.9453,5.4853,0.3172,2.98014,16.2929,LogDisc,P
Belgian,1250,2500,28,2,0,0,1.5124,0.3503,0.8869,,1,,0.4334,2.6581,0.9453,5.4853,0.3172,2.98014,16.2929,NewId,P
Belgian,1250,2500,28,2,0,0,1.5124,0.3503,0.8869,,1,,0.4334,2.6581,0.9453,5.4853,0.3172,2.98014,16.2929,QuaDisc,P
Belgian,1250,2500,28,2,0,0,1.5124,0.3503,0.8869,,1,,0.4334,2.6581,0.9453,5.4853,0.3172,2.98014,16.2929,RBF,P
Belgian,1250,2500,28,2,0,0,1.5124,0.3503,0.8869,,1,,0.4334,2.6581,0.9453,5.4853,0.3172,2.98014,16.2929,Smart,P
CUT,7480,18700,20,2,0,0,1.032,0.2178,0.55,,1,,0.9012,3.5214,0.3256,4.6908,0.0292,160.644,159.644,Ac2,P
CUT,7480,18700,20,2,0,0,1.032,0.2178,0.55,,1,,0.9012,3.5214,0.3256,4.6908,0.0292,160.644,159.644,Alloc80,P
CUT,7480,18700,20,2,0,0,1.032,0.2178,0.55,,1,,0.9012,3.5214,0.3256,4.6908,0.0292,160.644,159.644,BackProp,P
CUT,7480,18700,20,2,0,0,1.032,0.2178,0.55,,1,,0.9012,3.5214,0.3256,4.6908,0.0292,160.644,159.644,Bayes,P
CUT,7480,18700,20,2,0,0,1.032,0.2178,0.55,,1,,0.9012,3.5214,0.3256,4.6908,0.0292,160.644,159.644,BayesTree,P
CUT,7480,18700,20,2,0,0,1.032,0.2178,0.55,,1,,0.9012,3.5214,0.3256,4.6908,0.0292,160.644,159.644,C4_5,P
CUT,7480,18700,20,2,0,0,1.032,0.2178,0.55,,1,,0.9012,3.5214,0.3256,4.6908,0.0292,160.644,159.644,CART,N
CUT,7480,18700,20,2,0,0,1.032,0.2178,0.55,,1,,0.9012,3.5214,0.3256,4.6908,0.0292,160.644,159.644,Cal5,P
CUT,7480,18700,20,2,0,0,1.032,0.2178,0.55,,1,,0.9012,3.5214,0.3256,4.6908,0.0292,160.644,159.644,Cascade,N
CUT,7480,18700,20,2,0,0,1.032,0.2178,0.55,,1,,0.9012,3.5214,0.3256,4.6908,0.0292,160.644,159.644,Castle,P
CUT,7480,18700,20,2,0,0,1.032,0.2178,0.55,,1,,0.9012,3.5214,0.3256,4.6908,0.0292,160.644,159.644,Cn2,P
CUT,7480,18700,20,2,0,0,1.032,0.2178,0.55,,1,,0.9012,3.5214,0.3256,4.6908,0.0292,160.644,159.644,Default,P
CUT,7480,18700,20,2,0,0,1.032,0.2178,0.55,,1,,0.9012,3.5214,0.3256,4.6908,0.0292,160.644,159.644,Dipol92,P
CUT,7480,18700,20,2,0,0,1.032,0.2178,0.55,,1,,0.9012,3.5214,0.3256,4.6908,0.0292,160.644,159.644,Discrim,P
CUT,7480,18700,20,2,0,0,1.032,0.2178,0.55,,1,,0.9012,3.5214,0.3256,4.6908,0.0292,160.644,159.644,ITrule,P
CUT,7480,18700,20,2,0,0,1.032,0.2178,0.55,,1,,0.9012,3.5214,0.3256,4.6908,0.0292,160.644,159.644,IndCART,P
CUT,7480,18700,20,2,0,0,1.032,0.2178,0.55,,1,,0.9012,3.5214,0.3256,4.6908,0.0292,160.644,159.644,KNN,P
CUT,7480,18700,20,2,0,0,1.032,0.2178,0.55,,1,,0.9012,3.5214,0.3256,4.6908,0.0292,160.644,159.644,Kohonen,P
CUT,7480,18700,20,2,0,0,1.032,0.2178,0.55,,1,,0.9012,3.5214,0.3256,4.6908,0.0292,160.644,159.644,LVQ,P
CUT,7480,18700,20,2,0,0,1.032,0.2178,0.55,,1,,0.9012,3.5214,0.3256,4.6908,0.0292,160.644,159.644,LogDisc,P
CUT,7480,18700,20,2,0,0,1.032,0.2178,0.55,,1,,0.9012,3.5214,0.3256,4.6908,0.0292,160.644,159.644,NewId,P
CUT,7480,18700,20,2,0,0,1.032,0.2178,0.55,,1,,0.9012,3.5214,0.3256,4.6908,0.0292,160.644,159.644,QuaDisc,P
CUT,7480,18700,20,2,0,0,1.032,0.2178,0.55,,1,,0.9012,3.5214,0.3256,4.6908,0.0292,160.644,159.644,RBF,P
CUT,7480,18700,20,2,0,0,1.032,0.2178,0.55,,1,,0.9012,3.5214,0.3256,4.6908,0.0292,160.644,159.644,Smart,P
Chromosone,20000,40000,16,24,0,0,1.3218,0.1885,0.9884,0.9191,0.1505,0.2807,0.42,4.4024,4.5603,5.6411,1.3149,3.46817,3.29014,Ac2,P
Chromosone,20000,40000,16,24,0,0,1.3218,0.1885,0.9884,0.9191,0.1505,0.2807,0.42,4.4024,4.5603,5.6411,1.3149,3.46817,3.29014,Alloc80,P
Chromosone,20000,40000,16,24,0,0,1.3218,0.1885,0.9884,0.9191,0.1505,0.2807,0.42,4.4024,4.5603,5.6411,1.3149,3.46817,3.29014,BackProp,N
Chromosone,20000,40000,16,24,0,0,1.3218,0.1885,0.9884,0.9191,0.1505,0.2807,0.42,4.4024,4.5603,5.6411,1.3149,3.46817,3.29014,Bayes,N
Chromosone,20000,40000,16,24,0,0,1.3218,0.1885,0.9884,0.9191,0.1505,0.2807,0.42,4.4024,4.5603,5.6411,1.3149,3.46817,3.29014,BayesTree,P
Chromosone,20000,40000,16,24,0,0,1.3218,0.1885,0.9884,0.9191,0.1505,0.2807,0.42,4.4024,4.5603,5.6411,1.3149,3.46817,3.29014,C4_5,P
Chromosone,20000,40000,16,24,0,0,1.3218,0.1885,0.9884,0.9191,0.1505,0.2807,0.42,4.4024,4.5603,5.6411,1.3149,3.46817,3.29014,CART,N
Chromosone,20000,40000,16,24,0,0,1.3218,0.1885,0.9884,0.9191,0.1505,0.2807,0.42,4.4024,4.5603,5.6411,1.3149,3.46817,3.29014,Cal5,P
Chromosone,20000,40000,16,24,0,0,1.3218,0.1885,0.9884,0.9191,0.1505,0.2807,0.42,4.4024,4.5603,5.6411,1.3149,3.46817,3.29014,Cascade,N
Chromosone,20000,40000,16,24,0,0,1.3218,0.1885,0.9884,0.9191,0.1505,0.2807,0.42,4.4024,4.5603,5.6411,1.3149,3.46817,3.29014,Castle,P
Chromosone,20000,40000,16,24,0,0,1.3218,0.1885,0.9884,0.9191,0.1505,0.2807,0.42,4.4024,4.5603,5.6411,1.3149,3.46817,3.29014,Cn2,P
Chromosone,20000,40000,16,24,0,0,1.3218,0.1885,0.9884,0.9191,0.1505,0.2807,0.42,4.4024,4.5603,5.6411,1.3149,3.46817,3.29014,Default,N
Chromosone,20000,40000,16,24,0,0,1.3218,0.1885,0.9884,0.9191,0.1505,0.2807,0.42,4.4024,4.5603,5.6411,1.3149,3.46817,3.29014,Dipol92,P
Chromosone,20000,40000,16,24,0,0,1.3218,0.1885,0.9884,0.9191,0.1505,0.2807,0.42,4.4024,4.5603,5.6411,1.3149,3.46817,3.29014,Discrim,P
Chromosone,20000,40000,16,24,0,0,1.3218,0.1885,0.9884,0.9191,0.1505,0.2807,0.42,4.4024,4.5603,5.6411,1.3149,3.46817,3.29014,ITrule,N
Chromosone,20000,40000,16,24,0,0,1.3218,0.1885,0.9884,0.9191,0.1505,0.2807,0.42,4.4024,4.5603,5.6411,1.3149,3.46817,3.29014,IndCART,P
Chromosone,20000,40000,16,24,0,0,1.3218,0.1885,0.9884,0.9191,0.1505,0.2807,0.42,4.4024,4.5603,5.6411,1.3149,3.46817,3.29014,KNN,P
Chromosone,20000,40000,16,24,0,0,1.3218,0.1885,0.9884,0.9191,0.1505,0.2807,0.42,4.4024,4.5603,5.6411,1.3149,3.46817,3.29014,Kohonen,P
Chromosone,20000,40000,16,24,0,0,1.3218,0.1885,0.9884,0.9191,0.1505,0.2807,0.42,4.4024,4.5603,5.6411,1.3149,3.46817,3.29014,LVQ,P
Chromosone,20000,40000,16,24,0,0,1.3218,0.1885,0.9884,0.9191,0.1505,0.2807,0.42,4.4024,4.5603,5.6411,1.3149,3.46817,3.29014,LogDisc,P
Chromosone,20000,40000,16,24,0,0,1.3218,0.1885,0.9884,0.9191,0.1505,0.2807,0.42,4.4024,4.5603,5.6411,1.3149,3.46817,3.29014,NewId,P
Chromosone,20000,40000,16,24,0,0,1.3218,0.1885,0.9884,0.9191,0.1505,0.2807,0.42,4.4024,4.5603,5.6411,1.3149,3.46817,3.29014,QuaDisc,P
Chromosone,20000,40000,16,24,0,0,1.3218,0.1885,0.9884,0.9191,0.1505,0.2807,0.42,4.4024,4.5603,5.6411,1.3149,3.46817,3.29014,RBF,P
Chromosone,20000,40000,16,24,0,0,1.3218,0.1885,0.9884,0.9191,0.1505,0.2807,0.42,4.4024,4.5603,5.6411,1.3149,3.46817,3.29014,Smart,P
Credit,2670,8900,16,2,8,0,1.0273,0.0825,0.7618,,1,,1.2082,4.4046,1,1.77,0.641,1.56006,1.76131,Ac2,P
Credit,2670,8900,16,2,8,0,1.0273,0.0825,0.7618,,1,,1.2082,4.4046,1,1.77,0.641,1.56006,1.76131,Alloc80,P
Credit,2670,8900,16,2,8,0,1.0273,0.0825,0.7618,,1,,1.2082,4.4046,1,1.77,0.641,1.56006,1.76131,BackProp,P
Credit,2670,8900,16,2,8,0,1.0273,0.0825,0.7618,,1,,1.2082,4.4046,1,1.77,0.641,1.56006,1.76131,Bayes,P
Credit,2670,8900,16,2,8,0,1.0273,0.0825,0.7618,,1,,1.2082,4.4046,1,1.77,0.641,1.56006,1.76131,BayesTree,P
Credit,2670,8900,16,2,8,0,1.0273,0.0825,0.7618,,1,,1.2082,4.4046,1,1.77,0.641,1.56006,1.76131,C4_5,P
Credit,2670,8900,16,2,8,0,1.0273,0.0825,0.7618,,1,,1.2082,4.4046,1,1.77,0.641,1.56006,1.76131,CART,P
Credit,2670,8900,16,2,8,0,1.0273,0.0825,0.7618,,1,,1.2082,4.4046,1,1.77,0.641,1.56006,1.76131,Cal5,P
Credit,2670,8900,16,2,8,0,1.0273,0.0825,0.7618,,1,,1.2082,4.4046,1,1.77,0.641,1.56006,1.76131,Cascade,P
Credit,2670,8900,16,2,8,0,1.0273,0.0825,0.7618,,1,,1.2082,4.4046,1,1.77,0.641,1.56006,1.76131,Castle,P
Credit,2670,8900,16,2,8,0,1.0273,0.0825,0.7618,,1,,1.2082,4.4046,1,1.77,0.641,1.56006,1.76131,Cn2,P
Credit,2670,8900,16,2,8,0,1.0273,0.0825,0.7618,,1,,1.2082,4.4046,1,1.77,0.641,1.56006,1.76131,Default,P
Credit,2670,8900,16,2,8,0,1.0273,0.0825,0.7618,,1,,1.2082,4.4046,1,1.77,0.641,1.56006,1.76131,Dipol92,P
Credit,2670,8900,16,2,8,0,1.0273,0.0825,0.7618,,1,,1.2082,4.4046,1,1.77,0.641,1.56006,1.76131,Discrim,P
Credit,2670,8900,16,2,8,0,1.0273,0.0825,0.7618,,1,,1.2082,4.4046,1,1.77,0.641,1.56006,1.76131,ITrule,P
Credit,2670,8900,16,2,8,0,1.0273,0.0825,0.7618,,1,,1.2082,4.4046,1,1.77,0.641,1.56006,1.76131,IndCART,P
Credit,2670,8900,16,2,8,0,1.0273,0.0825,0.7618,,1,,1.2082,4.4046,1,1.77,0.641,1.56006,1.76131,KNN,P
Credit,2670,8900,16,2,8,0,1.0273,0.0825,0.7618,,1,,1.2082,4.4046,1,1.77,0.641,1.56006,1.76131,Kohonen,P
Credit,2670,8900,16,2,8,0,1.0273,0.0825,0.7618,,1,,1.2082,4.4046,1,1.77,0.641,1.56006,1.76131,LVQ,P
Credit,2670,8900,16,2,8,0,1.0273,0.0825,0.7618,,1,,1.2082,4.4046,1,1.77,0.641,1.56006,1.76131,LogDisc,P
Credit,2670,8900,16,2,8,0,1.0273,0.0825,0.7618,,1,,1.2082,4.4046,1,1.77,0.641,1.56006,1.76131,NewId,P
Credit,2670,8900,16,2,8,0,1.0273,0.0825,0.7618,,1,,1.2082,4.4046,1,1.77,0.641,1.56006,1.76131,QuaDisc,P
Credit,2670,8900,16,2,8,0,1.0273,0.0825,0.7618,,1,,1.2082,4.4046,1,1.77,0.641,1.56006,1.76131,RBF,P
Credit,2670,8900,16,2,8,0,1.0273,0.0825,0.7618,,1,,1.2082,4.4046,1,1.77,0.641,1.56006,1.76131,Smart,P
DNA,1186,3186,180,3,0,0,1.5407,0.0456,0.8729,0.83,0.5252,1,2.5582,29.5674,1.4725,0.8072,0.0218,67.5459,36.0275,Ac2,P
DNA,1186,3186,180,3,0,0,1.5407,0.0456,0.8729,0.83,0.5252,1,2.5582,29.5674,1.4725,0.8072,0.0218,67.5459,36.0275,Alloc80,P
DNA,1186,3186,180,3,0,0,1.5407,0.0456,0.8729,0.83,0.5252,1,2.5582,29.5674,1.4725,0.8072,0.0218,67.5459,36.0275,BackProp,P
DNA,1186,3186,180,3,0,0,1.5407,0.0456,0.8729,0.83,0.5252,1,2.5582,29.5674,1.4725,0.8072,0.0218,67.5459,36.0275,Bayes,P
DNA,1186,3186,180,3,0,0,1.5407,0.0456,0.8729,0.83,0.5252,1,2.5582,29.5674,1.4725,0.8072,0.0218,67.5459,36.0275,BayesTree,P
DNA,1186,3186,180,3,0,0,1.5407,0.0456,0.8729,0.83,0.5252,1,2.5582,29.5674,1.4725,0.8072,0.0218,67.5459,36.0275,C4_5,P
DNA,1186,3186,180,3,0,0,1.5407,0.0456,0.8729,0.83,0.5252,1,2.5582,29.5674,1.4725,0.8072,0.0218,67.5459,36.0275,CART,P
DNA,1186,3186,180,3,0,0,1.5407,0.0456,0.8729,0.83,0.5252,1,2.5582,29.5674,1.4725,0.8072,0.0218,67.5459,36.0275,Cal5,P
DNA,1186,3186,180,3,0,0,1.5407,0.0456,0.8729,0.83,0.5252,1,2.5582,29.5674,1.4725,0.8072,0.0218,67.5459,36.0275,Cascade,N
DNA,1186,3186,180,3,0,0,1.5407,0.0456,0.8729,0.83,0.5252,1,2.5582,29.5674,1.4725,0.8072,0.0218,67.5459,36.0275,Castle,P
DNA,1186,3186,180,3,0,0,1.5407,0.0456,0.8729,0.83,0.5252,1,2.5582,29.5674,1.4725,0.8072,0.0218,67.5459,36.0275,Cn2,P
DNA,1186,3186,180,3,0,0,1.5407,0.0456,0.8729,0.83,0.5252,1,2.5582,29.5674,1.4725,0.8072,0.0218,67.5459,36.0275,Default,P
DNA,1186,3186,180,3,0,0,1.5407,0.0456,0.8729,0.83,0.5252,1,2.5582,29.5674,1.4725,0.8072,0.0218,67.5459,36.0275,Dipol92,P
DNA,1186,3186,180,3,0,0,1.5407,0.0456,0.8729,0.83,0.5252,1,2.5582,29.5674,1.4725,0.8072,0.0218,67.5459,36.0275,Discrim,P
DNA,1186,3186,180,3,0,0,1.5407,0.0456,0.8729,0.83,0.5252,1,2.5582,29.5674,1.4725,0.8072,0.0218,67.5459,36.0275,ITrule,P
DNA,1186,3186,180,3,0,0,1.5407,0.0456,0.8729,0.83,0.5252,1,2.5582,29.5674,1.4725,0.8072,0.0218,67.5459,36.0275,IndCART,P
DNA,1186,3186,180,3,0,0,1.5407,0.0456,0.8729,0.83,0.5252,1,2.5582,29.5674,1.4725,0.8072,0.0218,67.5459,36.0275,KNN,P
DNA,1186,3186,180,3,0,0,1.5407,0.0456,0.8729,0.83,0.5252,1,2.5582,29.5674,1.4725,0.8072,0.0218,67.5459,36.0275,Kohonen,P
DNA,1186,3186,180,3,0,0,1.5407,0.0456,0.8729,0.83,0.5252,1,2.5582,29.5674,1.4725,0.8072,0.0218,67.5459,36.0275,LVQ,N
DNA,1186,3186,180,3,0,0,1.5407,0.0456,0.8729,0.83,0.5252,1,2.5582,29.5674,1.4725,0.8072,0.0218,67.5459,36.0275,LogDisc,P
DNA,1186,3186,180,3,0,0,1.5407,0.0456,0.8729,0.83,0.5252,1,2.5582,29.5674,1.4725,0.8072,0.0218,67.5459,36.0275,NewId,P
DNA,1186,3186,180,3,0,0,1.5407,0.0456,0.8729,0.83,0.5252,1,2.5582,29.5674,1.4725,0.8072,0.0218,67.5459,36.0275,QuaDisc,P
DNA,1186,3186,180,3,0,0,1.5407,0.0456,0.8729,0.83,0.5252,1,2.5582,29.5674,1.4725,0.8072,0.0218,67.5459,36.0275,RBF,P
DNA,1186,3186,180,3,0,0,1.5407,0.0456,0.8729,0.83,0.5252,1,2.5582,29.5674,1.4725,0.8072,0.0218,67.5459,36.0275,Smart,P
Diabetes,768,768,8,2,0,0,1.0377,0.1439,0.5507,,1,,1.0586,5.827,0.9331,4.5301,0.112,8.33125,39.4473,Ac2,P
Diabetes,768,768,8,2,0,0,1.0377,0.1439,0.5507,,1,,1.0586,5.827,0.9331,4.5301,0.112,8.33125,39.4473,Alloc80,P
Diabetes,768,768,8,2,0,0,1.0377,0.1439,0.5507,,1,,1.0586,5.827,0.9331,4.5301,0.112,8.33125,39.4473,BackProp,P
Diabetes,768,768,8,2,0,0,1.0377,0.1439,0.5507,,1,,1.0586,5.827,0.9331,4.5301,0.112,8.33125,39.4473,Bayes,P
Diabetes,768,768,8,2,0,0,1.0377,0.1439,0.5507,,1,,1.0586,5.827,0.9331,4.5301,0.112,8.33125,39.4473,BayesTree,P
Diabetes,768,768,8,2,0,0,1.0377,0.1439,0.5507,,1,,1.0586,5.827,0.9331,4.5301,0.112,8.33125,39.4473,C4_5,P
Diabetes,768,768,8,2,0,0,1.0377,0.1439,0.5507,,1,,1.0586,5.827,0.9331,4.5301,0.112,8.33125,39.4473,CART,P
Diabetes,768,768,8,2,0,0,1.0377,0.1439,0.5507,,1,,1.0586,5.827,0.9331,4.5301,0.112,8.33125,39.4473,Cal5,P
Diabetes,768,768,8,2,0,0,1.0377,0.1439,0.5507,,1,,1.0586,5.827,0.9331,4.5301,0.112,8.33125,39.4473,Cascade,P
Diabetes,768,768,8,2,0,0,1.0377,0.1439,0.5507,,1,,1.0586,5.827,0.9331,4.5301,0.112,8.33125,39.4473,Castle,P
Diabetes,768,768,8,2,0,0,1.0377,0.1439,0.5507,,1,,1.0586,5.827,0.9331,4.5301,0.112,8.33125,39.4473,Cn2,P
Diabetes,768,768,8,2,0,0,1.0377,0.1439,0.5507,,1,,1.0586,5.827,0.9331,4.5301,0.112,8.33125,39.4473,Default,P
Diabetes,768,768,8,2,0,0,1.0377,0.1439,0.5507,,1,,1.0586,5.827,0.9331,4.5301,0.112,8.33125,39.4473,Dipol92,P
Diabetes,768,768,8,2,0,0,1.0377,0.1439,0.5507,,1,,1.0586,5.827,0.9331,4.5301,0.112,8.33125,39.4473,Discrim,P
Diabetes,768,768,8,2,0,0,1.0377,0.1439,0.5507,,1,,1.0586,5.827,0.9331,4.5301,0.112,8.33125,39.4473,ITrule,P
Diabetes,768,768,8,2,0,0,1.0377,0.1439,0.5507,,1,,1.0586,5.827,0.9331,4.5301,0.112,8.33125,39.4473,IndCART,P
Diabetes,768,768,8,2,0,0,1.0377,0.1439,0.5507,,1,,1.0586,5.827,0.9331,4.5301,0.112,8.33125,39.4473,KNN,P
Diabetes,768,768,8,2,0,0,1.0377,0.1439,0.5507,,1,,1.0586,5.827,0.9331,4.5301,0.112,8.33125,39.4473,Kohonen,P
Diabetes,768,768,8,2,0,0,1.0377,0.1439,0.5507,,1,,1.0586,5.827,0.9331,4.5301,0.112,8.33125,39.4473,LVQ,P
Diabetes,768,768,8,2,0,0,1.0377,0.1439,0.5507,,1,,1.0586,5.827,0.9331,4.5301,0.112,8.33125,39.4473,LogDisc,P
Diabetes,768,768,8,2,0,0,1.0377,0.1439,0.5507,,1,,1.0586,5.827,0.9331,4.5301,0.112,8.33125,39.4473,NewId,P
Diabetes,768,768,8,2,0,0,1.0377,0.1439,0.5507,,1,,1.0586,5.827,0.9331,4.5301,0.112,8.33125,39.4473,QuaDisc,P
Diabetes,768,768,8,2,0,0,1.0377,0.1439,0.5507,,1,,1.0586,5.827,0.9331,4.5301,0.112,8.33125,39.4473,RBF,P
Diabetes,768,768,8,2,0,0,1.0377,0.1439,0.5507,,1,,1.0586,5.827,0.9331,4.5301,0.112,8.33125,39.4473,Smart,P
Digits,9000,18000,16,10,0,0,1.5673,0.2119,0.8929,0.8902,0.2031,0.4049,0.8562,5.1256,3.3219,6.5452,0.5049,6.57932,11.9634,Ac2,P
Digits,9000,18000,16,10,0,0,1.5673,0.2119,0.8929,0.8902,0.2031,0.4049,0.8562,5.1256,3.3219,6.5452,0.5049,6.57932,11.9634,Alloc80,P
Digits,9000,18000,16,10,0,0,1.5673,0.2119,0.8929,0.8902,0.2031,0.4049,0.8562,5.1256,3.3219,6.5452,0.5049,6.57932,11.9634,BackProp,P
Digits,9000,18000,16,10,0,0,1.5673,0.2119,0.8929,0.8902,0.2031,0.4049,0.8562,5.1256,3.3219,6.5452,0.5049,6.57932,11.9634,Bayes,P
Digits,9000,18000,16,10,0,0,1.5673,0.2119,0.8929,0.8902,0.2031,0.4049,0.8562,5.1256,3.3219,6.5452,0.5049,6.57932,11.9634,BayesTree,P
Digits,9000,18000,16,10,0,0,1.5673,0.2119,0.8929,0.8902,0.2031,0.4049,0.8562,5.1256,3.3219,6.5452,0.5049,6.57932,11.9634,C4_5,P
Digits,9000,18000,16,10,0,0,1.5673,0.2119,0.8929,0.8902,0.2031,0.4049,0.8562,5.1256,3.3219,6.5452,0.5049,6.57932,11.9634,CART,P
Digits,9000,18000,16,10,0,0,1.5673,0.2119,0.8929,0.8902,0.2031,0.4049,0.8562,5.1256,3.3219,6.5452,0.5049,6.57932,11.9634,Cal5,P
Digits,9000,18000,16,10,0,0,1.5673,0.2119,0.8929,0.8902,0.2031,0.4049,0.8562,5.1256,3.3219,6.5452,0.5049,6.57932,11.9634,Cascade,P
Digits,9000,18000,16,10,0,0,1.5673,0.2119,0.8929,0.8902,0.2031,0.4049,0.8562,5.1256,3.3219,6.5452,0.5049,6.57932,11.9634,Castle,P
Digits,9000,18000,16,10,0,0,1.5673,0.2119,0.8929,0.8902,0.2031,0.4049,0.8562,5.1256,3.3219,6.5452,0.5049,6.57932,11.9634,Cn2,P
Digits,9000,18000,16,10,0,0,1.5673,0.2119,0.8929,0.8902,0.2031,0.4049,0.8562,5.1256,3.3219,6.5452,0.5049,6.57932,11.9634,Default,N
Digits,9000,18000,16,10,0,0,1.5673,0.2119,0.8929,0.8902,0.2031,0.4049,0.8562,5.1256,3.3219,6.5452,0.5049,6.57932,11.9634,Dipol92,P
Digits,9000,18000,16,10,0,0,1.5673,0.2119,0.8929,0.8902,0.2031,0.4049,0.8562,5.1256,3.3219,6.5452,0.5049,6.57932,11.9634,Discrim,P
Digits,9000,18000,16,10,0,0,1.5673,0.2119,0.8929,0.8902,0.2031,0.4049,0.8562,5.1256,3.3219,6.5452,0.5049,6.57932,11.9634,ITrule,P
Digits,9000,18000,16,10,0,0,1.5673,0.2119,0.8929,0.8902,0.2031,0.4049,0.8562,5.1256,3.3219,6.5452,0.5049,6.57932,11.9634,IndCART,P
Digits,9000,18000,16,10,0,0,1.5673,0.2119,0.8929,0.8902,0.2031,0.4049,0.8562,5.1256,3.3219,6.5452,0.5049,6.57932,11.9634,KNN,P
Digits,9000,18000,16,10,0,0,1.5673,0.2119,0.8929,0.8902,0.2031,0.4049,0.8562,5.1256,3.3219,6.5452,0.5049,6.57932,11.9634,Kohonen,P
Digits,9000,18000,16,10,0,0,1.5673,0.2119,0.8929,0.8902,0.2031,0.4049,0.8562,5.1256,3.3219,6.5452,0.5049,6.57932,11.9634,LVQ,P
Digits,9000,18000,16,10,0,0,1.5673,0.2119,0.8929,0.8902,0.2031,0.4049,0.8562,5.1256,3.3219,6.5452,0.5049,6.57932,11.9634,LogDisc,P
Digits,9000,18000,16,10,0,0,1.5673,0.2119,0.8929,0.8902,0.2031,0.4049,0.8562,5.1256,3.3219,6.5452,0.5049,6.57932,11.9634,NewId,P
Digits,9000,18000,16,10,0,0,1.5673,0.2119,0.8929,0.8902,0.2031,0.4049,0.8562,5.1256,3.3219,6.5452,0.5049,6.57932,11.9634,QuaDisc,P
Digits,9000,18000,16,10,0,0,1.5673,0.2119,0.8929,0.8902,0.2031,0.4049,0.8562,5.1256,3.3219,6.5452,0.5049,6.57932,11.9634,RBF,P
Digits,9000,18000,16,10,0,0,1.5673,0.2119,0.8929,0.8902,0.2031,0.4049,0.8562,5.1256,3.3219,6.5452,0.5049,6.57932,11.9634,Smart,P
Faults,570,570,45,3,43,0,1.191,0.751,0.8842,0.3002,0.8966,1,1.8972,0.9866,1.5749,0.8717,0.0366,43.0301,22.8169,Ac2,P
Faults,570,570,45,3,43,0,1.191,0.751,0.8842,0.3002,0.8966,1,1.8972,0.9866,1.5749,0.8717,0.0366,43.0301,22.8169,Alloc80,P
Faults,570,570,45,3,43,0,1.191,0.751,0.8842,0.3002,0.8966,1,1.8972,0.9866,1.5749,0.8717,0.0366,43.0301,22.8169,BackProp,P
Faults,570,570,45,3,43,0,1.191,0.751,0.8842,0.3002,0.8966,1,1.8972,0.9866,1.5749,0.8717,0.0366,43.0301,22.8169,Bayes,P
Faults,570,570,45,3,43,0,1.191,0.751,0.8842,0.3002,0.8966,1,1.8972,0.9866,1.5749,0.8717,0.0366,43.0301,22.8169,BayesTree,P
Faults,570,570,45,3,43,0,1.191,0.751,0.8842,0.3002,0.8966,1,1.8972,0.9866,1.5749,0.8717,0.0366,43.0301,22.8169,C4_5,P
Faults,570,570,45,3,43,0,1.191,0.751,0.8842,0.3002,0.8966,1,1.8972,0.9866,1.5749,0.8717,0.0366,43.0301,22.8169,CART,P
Faults,570,570,45,3,43,0,1.191,0.751,0.8842,0.3002,0.8966,1,1.8972,0.9866,1.5749,0.8717,0.0366,43.0301,22.8169,Cal5,P
Faults,570,570,45,3,43,0,1.191,0.751,0.8842,0.3002,0.8966,1,1.8972,0.9866,1.5749,0.8717,0.0366,43.0301,22.8169,Cascade,P
Faults,570,570,45,3,43,0,1.191,0.751,0.8842,0.3002,0.8966,1,1.8972,0.9866,1.5749,0.8717,0.0366,43.0301,22.8169,Castle,P
Faults,570,570,45,3,43,0,1.191,0.751,0.8842,0.3002,0.8966,1,1.8972,0.9866,1.5749,0.8717,0.0366,43.0301,22.8169,Cn2,P
Faults,570,570,45,3,43,0,1.191,0.751,0.8842,0.3002,0.8966,1,1.8972,0.9866,1.5749,0.8717,0.0366,43.0301,22.8169,Default,P
Faults,570,570,45,3,43,0,1.191,0.751,0.8842,0.3002,0.8966,1,1.8972,0.9866,1.5749,0.8717,0.0366,43.0301,22.8169,Dipol92,P
Faults,570,570,45,3,43,0,1.191,0.751,0.8842,0.3002,0.8966,1,1.8972,0.9866,1.5749,0.8717,0.0366,43.0301,22.8169,Discrim,P
Faults,570,570,45,3,43,0,1.191,0.751,0.8842,0.3002,0.8966,1,1.8972,0.9866,1.5749,0.8717,0.0366,43.0301,22.8169,ITrule,P
Faults,570,570,45,3,43,0,1.191,0.751,0.8842,0.3002,0.8966,1,1.8972,0.9866,1.5749,0.8717,0.0366,43.0301,22.8169,IndCART,P
Faults,570,570,45,3,43,0,1.191,0.751,0.8842,0.3002,0.8966,1,1.8972,0.9866,1.5749,0.8717,0.0366,43.0301,22.8169,KNN,P
Faults,570,570,45,3,43,0,1.191,0.751,0.8842,0.3002,0.8966,1,1.8972,0.9866,1.5749,0.8717,0.0366,43.0301,22.8169,Kohonen,P
Faults,570,570,45,3,43,0,1.191,0.751,0.8842,0.3002,0.8966,1,1.8972,0.9866,1.5749,0.8717,0.0366,43.0301,22.8169,LVQ,P
Faults,570,570,45,3,43,0,1.191,0.751,0.8842,0.3002,0.8966,1,1.8972,0.9866,1.5749,0.8717,0.0366,43.0301,22.8169,LogDisc,P
Faults,570,570,45,3,43,0,1.191,0.751,0.8842,0.3002,0.8966,1,1.8972,0.9866,1.5749,0.8717,0.0366,43.0301,22.8169,NewId,P
Faults,570,570,45,3,43,0,1.191,0.751,0.8842,0.3002,0.8966,1,1.8972,0.9866,1.5749,0.8717,0.0366,43.0301,22.8169,QuaDisc,P
Faults,570,570,45,3,43,0,1.191,0.751,0.8842,0.3002,0.8966,1,1.8972,0.9866,1.5749,0.8717,0.0366,43.0301,22.8169,RBF,P
Faults,570,570,45,3,43,0,1.191,0.751,0.8842,0.3002,0.8966,1,1.8972,0.9866,1.5749,0.8717,0.0366,43.0301,22.8169,Smart,P
German_Credit,1000,1000,24,2,9,1,1.0369,0.0848,0.5044,,1,,1.6986,7.7943,0.8813,1.5031,0.0187,47.1283,79.3797,Ac2,P
German_Credit,1000,1000,24,2,9,1,1.0369,0.0848,0.5044,,1,,1.6986,7.7943,0.8813,1.5031,0.0187,47.1283,79.3797,Alloc80,P
German_Credit,1000,1000,24,2,9,1,1.0369,0.0848,0.5044,,1,,1.6986,7.7943,0.8813,1.5031,0.0187,47.1283,79.3797,BackProp,P
German_Credit,1000,1000,24,2,9,1,1.0369,0.0848,0.5044,,1,,1.6986,7.7943,0.8813,1.5031,0.0187,47.1283,79.3797,Bayes,P
German_Credit,1000,1000,24,2,9,1,1.0369,0.0848,0.5044,,1,,1.6986,7.7943,0.8813,1.5031,0.0187,47.1283,79.3797,BayesTree,P
German_Credit,1000,1000,24,2,9,1,1.0369,0.0848,0.5044,,1,,1.6986,7.7943,0.8813,1.5031,0.0187,47.1283,79.3797,C4_5,P
German_Credit,1000,1000,24,2,9,1,1.0369,0.0848,0.5044,,1,,1.6986,7.7943,0.8813,1.5031,0.0187,47.1283,79.3797,CART,P
German_Credit,1000,1000,24,2,9,1,1.0369,0.0848,0.5044,,1,,1.6986,7.7943,0.8813,1.5031,0.0187,47.1283,79.3797,Cal5,P
German_Credit,1000,1000,24,2,9,1,1.0369,0.0848,0.5044,,1,,1.6986,7.7943,0.8813,1.5031,0.0187,47.1283,79.3797,Cascade,N
German_Credit,1000,1000,24,2,9,1,1.0369,0.0848,0.5044,,1,,1.6986,7.7943,0.8813,1.5031,0.0187,47.1283,79.3797,Castle,P
German_Credit,1000,1000,24,2,9,1,1.0369,0.0848,0.5044,,1,,1.6986,7.7943,0.8813,1.5031,0.0187,47.1283,79.3797,Cn2,P
German_Credit,1000,1000,24,2,9,1,1.0369,0.0848,0.5044,,1,,1.6986,7.7943,0.8813,1.5031,0.0187,47.1283,79.3797,Default,P
German_Credit,1000,1000,24,2,9,1,1.0369,0.0848,0.5044,,1,,1.6986,7.7943,0.8813,1.5031,0.0187,47.1283,79.3797,Dipol92,P
German_Credit,1000,1000,24,2,9,1,1.0369,0.0848,0.5044,,1,,1.6986,7.7943,0.8813,1.5031,0.0187,47.1283,79.3797,Discrim,P
German_Credit,1000,1000,24,2,9,1,1.0369,0.0848,0.5044,,1,,1.6986,7.7943,0.8813,1.5031,0.0187,47.1283,79.3797,ITrule,P
German_Credit,1000,1000,24,2,9,1,1.0369,0.0848,0.5044,,1,,1.6986,7.7943,0.8813,1.5031,0.0187,47.1283,79.3797,IndCART,P
German_Credit,1000,1000,24,2,9,1,1.0369,0.0848,0.5044,,1,,1.6986,7.7943,0.8813,1.5031,0.0187,47.1283,79.3797,KNN,P
German_Credit,1000,1000,24,2,9,1,1.0369,0.0848,0.5044,,1,,1.6986,7.7943,0.8813,1.5031,0.0187,47.1283,79.3797,Kohonen,P
German_Credit,1000,1000,24,2,9,1,1.0369,0.0848,0.5044,,1,,1.6986,7.7943,0.8813,1.5031,0.0187,47.1283,79.3797,LVQ,P
German_Credit,1000,1000,24,2,9,1,1.0369,0.0848,0.5044,,1,,1.6986,7.7943,0.8813,1.5031,0.0187,47.1283,79.3797,LogDisc,P
German_Credit,1000,1000,24,2,9,1,1.0369,0.0848,0.5044,,1,,1.6986,7.7943,0.8813,1.5031,0.0187,47.1283,79.3797,NewId,P
German_Credit,1000,1000,24,2,9,1,1.0369,0.0848,0.5044,,1,,1.6986,7.7943,0.8813,1.5031,0.0187,47.1283,79.3797,QuaDisc,P
German_Credit,1000,1000,24,2,9,1,1.0369,0.0848,0.5044,,1,,1.6986,7.7943,0.8813,1.5031,0.0187,47.1283,79.3797,RBF,P
German_Credit,1000,1000,24,2,9,1,1.0369,0.0848,0.5044,,1,,1.6986,7.7943,0.8813,1.5031,0.0187,47.1283,79.3797,Smart,P
Head,900,900,6,3,1,1,1.1231,0.1217,0.7176,0.1057,0.9787,1,1.0071,5.0408,1.3574,1.9786,0.1929,7.03681,9.25713,Ac2,P
Head,900,900,6,3,1,1,1.1231,0.1217,0.7176,0.1057,0.9787,1,1.0071,5.0408,1.3574,1.9786,0.1929,7.03681,9.25713,Alloc80,P
Head,900,900,6,3,1,1,1.1231,0.1217,0.7176,0.1057,0.9787,1,1.0071,5.0408,1.3574,1.9786,0.1929,7.03681,9.25713,BackProp,P
Head,900,900,6,3,1,1,1.1231,0.1217,0.7176,0.1057,0.9787,1,1.0071,5.0408,1.3574,1.9786,0.1929,7.03681,9.25713,Bayes,P
Head,900,900,6,3,1,1,1.1231,0.1217,0.7176,0.1057,0.9787,1,1.0071,5.0408,1.3574,1.9786,0.1929,7.03681,9.25713,BayesTree,P
Head,900,900,6,3,1,1,1.1231,0.1217,0.7176,0.1057,0.9787,1,1.0071,5.0408,1.3574,1.9786,0.1929,7.03681,9.25713,C4_5,P
Head,900,900,6,3,1,1,1.1231,0.1217,0.7176,0.1057,0.9787,1,1.0071,5.0408,1.3574,1.9786,0.1929,7.03681,9.25713,CART,P
Head,900,900,6,3,1,1,1.1231,0.1217,0.7176,0.1057,0.9787,1,1.0071,5.0408,1.3574,1.9786,0.1929,7.03681,9.25713,Cal5,P
Head,900,900,6,3,1,1,1.1231,0.1217,0.7176,0.1057,0.9787,1,1.0071,5.0408,1.3574,1.9786,0.1929,7.03681,9.25713,Cascade,P
Head,900,900,6,3,1,1,1.1231,0.1217,0.7176,0.1057,0.9787,1,1.0071,5.0408,1.3574,1.9786,0.1929,7.03681,9.25713,Castle,P
Head,900,900,6,3,1,1,1.1231,0.1217,0.7176,0.1057,0.9787,1,1.0071,5.0408,1.3574,1.9786,0.1929,7.03681,9.25713,Cn2,P
Head,900,900,6,3,1,1,1.1231,0.1217,0.7176,0.1057,0.9787,1,1.0071,5.0408,1.3574,1.9786,0.1929,7.03681,9.25713,Default,P
Head,900,900,6,3,1,1,1.1231,0.1217,0.7176,0.1057,0.9787,1,1.0071,5.0408,1.3574,1.9786,0.1929,7.03681,9.25713,Dipol92,P
Head,900,900,6,3,1,1,1.1231,0.1217,0.7176,0.1057,0.9787,1,1.0071,5.0408,1.3574,1.9786,0.1929,7.03681,9.25713,Discrim,P
Head,900,900,6,3,1,1,1.1231,0.1217,0.7176,0.1057,0.9787,1,1.0071,5.0408,1.3574,1.9786,0.1929,7.03681,9.25713,ITrule,P
Head,900,900,6,3,1,1,1.1231,0.1217,0.7176,0.1057,0.9787,1,1.0071,5.0408,1.3574,1.9786,0.1929,7.03681,9.25713,IndCART,P
Head,900,900,6,3,1,1,1.1231,0.1217,0.7176,0.1057,0.9787,1,1.0071,5.0408,1.3574,1.9786,0.1929,7.03681,9.25713,KNN,P
Head,900,900,6,3,1,1,1.1231,0.1217,0.7176,0.1057,0.9787,1,1.0071,5.0408,1.3574,1.9786,0.1929,7.03681,9.25713,Kohonen,P
Head,900,900,6,3,1,1,1.1231,0.1217,0.7176,0.1057,0.9787,1,1.0071,5.0408,1.3574,1.9786,0.1929,7.03681,9.25713,LVQ,P
Head,900,900,6,3,1,1,1.1231,0.1217,0.7176,0.1057,0.9787,1,1.0071,5.0408,1.3574,1.9786,0.1929,7.03681,9.25713,LogDisc,P
Head,900,900,6,3,1,1,1.1231,0.1217,0.7176,0.1057,0.9787,1,1.0071,5.0408,1.3574,1.9786,0.1929,7.03681,9.25713,NewId,P
Head,900,900,6,3,1,1,1.1231,0.1217,0.7176,0.1057,0.9787,1,1.0071,5.0408,1.3574,1.9786,0.1929,7.03681,9.25713,QuaDisc,P
Head,900,900,6,3,1,1,1.1231,0.1217,0.7176,0.1057,0.9787,1,1.0071,5.0408,1.3574,1.9786,0.1929,7.03681,9.25713,RBF,P
Head,900,900,6,3,1,1,1.1231,0.1217,0.7176,0.1057,0.9787,1,1.0071,5.0408,1.3574,1.9786,0.1929,7.03681,9.25713,Smart,P
Heart,270,270,13,2,5,1,1.0612,0.1236,0.7384,,1,,0.956,3.6494,0.9902,1.6386,0.0876,11.3037,17.7055,Ac2,P
Heart,270,270,13,2,5,1,1.0612,0.1236,0.7384,,1,,0.956,3.6494,0.9902,1.6386,0.0876,11.3037,17.7055,Alloc80,P
Heart,270,270,13,2,5,1,1.0612,0.1236,0.7384,,1,,0.956,3.6494,0.9902,1.6386,0.0876,11.3037,17.7055,BackProp,P
Heart,270,270,13,2,5,1,1.0612,0.1236,0.7384,,1,,0.956,3.6494,0.9902,1.6386,0.0876,11.3037,17.7055,Bayes,P
Heart,270,270,13,2,5,1,1.0612,0.1236,0.7384,,1,,0.956,3.6494,0.9902,1.6386,0.0876,11.3037,17.7055,BayesTree,P
Heart,270,270,13,2,5,1,1.0612,0.1236,0.7384,,1,,0.956,3.6494,0.9902,1.6386,0.0876,11.3037,17.7055,C4_5,P
Heart,270,270,13,2,5,1,1.0612,0.1236,0.7384,,1,,0.956,3.6494,0.9902,1.6386,0.0876,11.3037,17.7055,CART,P
Heart,270,270,13,2,5,1,1.0612,0.1236,0.7384,,1,,0.956,3.6494,0.9902,1.6386,0.0876,11.3037,17.7055,Cal5,P
Heart,270,270,13,2,5,1,1.0612,0.1236,0.7384,,1,,0.956,3.6494,0.9902,1.6386,0.0876,11.3037,17.7055,Cascade,P
Heart,270,270,13,2,5,1,1.0612,0.1236,0.7384,,1,,0.956,3.6494,0.9902,1.6386,0.0876,11.3037,17.7055,Castle,P
Heart,270,270,13,2,5,1,1.0612,0.1236,0.7384,,1,,0.956,3.6494,0.9902,1.6386,0.0876,11.3037,17.7055,Cn2,P
Heart,270,270,13,2,5,1,1.0612,0.1236,0.7384,,1,,0.956,3.6494,0.9902,1.6386,0.0876,11.3037,17.7055,Default,P
Heart,270,270,13,2,5,1,1.0612,0.1236,0.7384,,1,,0.956,3.6494,0.9902,1.6386,0.0876,11.3037,17.7055,Dipol92,P
Heart,270,270,13,2,5,1,1.0612,0.1236,0.7384,,1,,0.956,3.6494,0.9902,1.6386,0.0876,11.3037,17.7055,Discrim,P
Heart,270,270,13,2,5,1,1.0612,0.1236,0.7384,,1,,0.956,3.6494,0.9902,1.6386,0.0876,11.3037,17.7055,ITrule,P
Heart,270,270,13,2,5,1,1.0612,0.1236,0.7384,,1,,0.956,3.6494,0.9902,1.6386,0.0876,11.3037,17.7055,IndCART,P
Heart,270,270,13,2,5,1,1.0612,0.1236,0.7384,,1,,0.956,3.6494,0.9902,1.6386,0.0876,11.3037,17.7055,KNN,P
Heart,270,270,13,2,5,1,1.0612,0.1236,0.7384,,1,,0.956,3.6494,0.9902,1.6386,0.0876,11.3037,17.7055,Kohonen,P
Heart,270,270,13,2,5,1,1.0612,0.1236,0.7384,,1,,0.956,3.6494,0.9902,1.6386,0.0876,11.3037,17.7055,LVQ,P
Heart,270,270,13,2,5,1,1.0612,0.1236,0.7384,,1,,0.956,3.6494,0.9902,1.6386,0.0876,11.3037,17.7055,LogDisc,P
Heart,270,270,13,2,5,1,1.0612,0.1236,0.7384,,1,,0.956,3.6494,0.9902,1.6386,0.0876,11.3037,17.7055,NewId,P
Heart,270,270,13,2,5,1,1.0612,0.1236,0.7384,,1,,0.956,3.6494,0.9902,1.6386,0.0876,11.3037,17.7055,QuaDisc,P
Heart,270,270,13,2,5,1,1.0612,0.1236,0.7384,,1,,0.956,3.6494,0.9902,1.6386,0.0876,11.3037,17.7055,RBF,P
Heart,270,270,13,2,5,1,1.0612,0.1236,0.7384,,1,,0.956,3.6494,0.9902,1.6386,0.0876,11.3037,17.7055,Smart,P
KlDigits,9000,18000,40,10,0,0,1.9657,0.1093,0.9207,0.9056,0.172,0.3385,0.1802,2.92,3.3219,5.5903,0.2029,16.3721,26.552,Ac2,N
KlDigits,9000,18000,40,10,0,0,1.9657,0.1093,0.9207,0.9056,0.172,0.3385,0.1802,2.92,3.3219,5.5903,0.2029,16.3721,26.552,Alloc80,P
KlDigits,9000,18000,40,10,0,0,1.9657,0.1093,0.9207,0.9056,0.172,0.3385,0.1802,2.92,3.3219,5.5903,0.2029,16.3721,26.552,BackProp,P
KlDigits,9000,18000,40,10,0,0,1.9657,0.1093,0.9207,0.9056,0.172,0.3385,0.1802,2.92,3.3219,5.5903,0.2029,16.3721,26.552,Bayes,N
KlDigits,9000,18000,40,10,0,0,1.9657,0.1093,0.9207,0.9056,0.172,0.3385,0.1802,2.92,3.3219,5.5903,0.2029,16.3721,26.552,BayesTree,P
KlDigits,9000,18000,40,10,0,0,1.9657,0.1093,0.9207,0.9056,0.172,0.3385,0.1802,2.92,3.3219,5.5903,0.2029,16.3721,26.552,C4_5,N
KlDigits,9000,18000,40,10,0,0,1.9657,0.1093,0.9207,0.9056,0.172,0.3385,0.1802,2.92,3.3219,5.5903,0.2029,16.3721,26.552,CART,N
KlDigits,9000,18000,40,10,0,0,1.9657,0.1093,0.9207,0.9056,0.172,0.3385,0.1802,2.92,3.3219,5.5903,0.2029,16.3721,26.552,Cal5,N
KlDigits,9000,18000,40,10,0,0,1.9657,0.1093,0.9207,0.9056,0.172,0.3385,0.1802,2.92,3.3219,5.5903,0.2029,16.3721,26.552,Cascade,P
KlDigits,9000,18000,40,10,0,0,1.9657,0.1093,0.9207,0.9056,0.172,0.3385,0.1802,2.92,3.3219,5.5903,0.2029,16.3721,26.552,Castle,P
KlDigits,9000,18000,40,10,0,0,1.9657,0.1093,0.9207,0.9056,0.172,0.3385,0.1802,2.92,3.3219,5.5903,0.2029,16.3721,26.552,Cn2,N
KlDigits,9000,18000,40,10,0,0,1.9657,0.1093,0.9207,0.9056,0.172,0.3385,0.1802,2.92,3.3219,5.5903,0.2029,16.3721,26.552,Default,N
KlDigits,9000,18000,40,10,0,0,1.9657,0.1093,0.9207,0.9056,0.172,0.3385,0.1802,2.92,3.3219,5.5903,0.2029,16.3721,26.552,Dipol92,P
KlDigits,9000,18000,40,10,0,0,1.9657,0.1093,0.9207,0.9056,0.172,0.3385,0.1802,2.92,3.3219,5.5903,0.2029,16.3721,26.552,Discrim,P
KlDigits,9000,18000,40,10,0,0,1.9657,0.1093,0.9207,0.9056,0.172,0.3385,0.1802,2.92,3.3219,5.5903,0.2029,16.3721,26.552,ITrule,N
KlDigits,9000,18000,40,10,0,0,1.9657,0.1093,0.9207,0.9056,0.172,0.3385,0.1802,2.92,3.3219,5.5903,0.2029,16.3721,26.552,IndCART,N
KlDigits,9000,18000,40,10,0,0,1.9657,0.1093,0.9207,0.9056,0.172,0.3385,0.1802,2.92,3.3219,5.5903,0.2029,16.3721,26.552,KNN,P
KlDigits,9000,18000,40,10,0,0,1.9657,0.1093,0.9207,0.9056,0.172,0.3385,0.1802,2.92,3.3219,5.5903,0.2029,16.3721,26.552,Kohonen,N
KlDigits,9000,18000,40,10,0,0,1.9657,0.1093,0.9207,0.9056,0.172,0.3385,0.1802,2.92,3.3219,5.5903,0.2029,16.3721,26.552,LVQ,P
KlDigits,9000,18000,40,10,0,0,1.9657,0.1093,0.9207,0.9056,0.172,0.3385,0.1802,2.92,3.3219,5.5903,0.2029,16.3721,26.552,LogDisc,P
KlDigits,9000,18000,40,10,0,0,1.9657,0.1093,0.9207,0.9056,0.172,0.3385,0.1802,2.92,3.3219,5.5903,0.2029,16.3721,26.552,NewId,P
KlDigits,9000,18000,40,10,0,0,1.9657,0.1093,0.9207,0.9056,0.172,0.3385,0.1802,2.92,3.3219,5.5903,0.2029,16.3721,26.552,QuaDisc,P
KlDigits,9000,18000,40,10,0,0,1.9657,0.1093,0.9207,0.9056,0.172,0.3385,0.1802,2.92,3.3219,5.5903,0.2029,16.3721,26.552,RBF,P
KlDigits,9000,18000,40,10,0,0,1.9657,0.1093,0.9207,0.9056,0.172,0.3385,0.1802,2.92,3.3219,5.5903,0.2029,16.3721,26.552,Smart,P
Letters,5000,20000,16,26,0,0,1.8795,0.2577,0.8896,0.8489,0.168,0.321,0.5698,3.5385,4.6996,3.094,0.5189,9.05685,4.96261,Ac2,P
Letters,5000,20000,16,26,0,0,1.8795,0.2577,0.8896,0.8489,0.168,0.321,0.5698,3.5385,4.6996,3.094,0.5189,9.05685,4.96261,Alloc80,P
Letters,5000,20000,16,26,0,0,1.8795,0.2577,0.8896,0.8489,0.168,0.321,0.5698,3.5385,4.6996,3.094,0.5189,9.05685,4.96261,BackProp,P
Letters,5000,20000,16,26,0,0,1.8795,0.2577,0.8896,0.8489,0.168,0.321,0.5698,3.5385,4.6996,3.094,0.5189,9.05685,4.96261,Bayes,N
Letters,5000,20000,16,26,0,0,1.8795,0.2577,0.8896,0.8489,0.168,0.321,0.5698,3.5385,4.6996,3.094,0.5189,9.05685,4.96261,BayesTree,P
Letters,5000,20000,16,26,0,0,1.8795,0.2577,0.8896,0.8489,0.168,0.321,0.5698,3.5385,4.6996,3.094,0.5189,9.05685,4.96261,C4_5,P
Letters,5000,20000,16,26,0,0,1.8795,0.2577,0.8896,0.8489,0.168,0.321,0.5698,3.5385,4.6996,3.094,0.5189,9.05685,4.96261,CART,N
Letters,5000,20000,16,26,0,0,1.8795,0.2577,0.8896,0.8489,0.168,0.321,0.5698,3.5385,4.6996,3.094,0.5189,9.05685,4.96261,Cal5,P
Letters,5000,20000,16,26,0,0,1.8795,0.2577,0.8896,0.8489,0.168,0.321,0.5698,3.5385,4.6996,3.094,0.5189,9.05685,4.96261,Cascade,N
Letters,5000,20000,16,26,0,0,1.8795,0.2577,0.8896,0.8489,0.168,0.321,0.5698,3.5385,4.6996,3.094,0.5189,9.05685,4.96261,Castle,P
Letters,5000,20000,16,26,0,0,1.8795,0.2577,0.8896,0.8489,0.168,0.321,0.5698,3.5385,4.6996,3.094,0.5189,9.05685,4.96261,Cn2,P
Letters,5000,20000,16,26,0,0,1.8795,0.2577,0.8896,0.8489,0.168,0.321,0.5698,3.5385,4.6996,3.094,0.5189,9.05685,4.96261,Default,N
Letters,5000,20000,16,26,0,0,1.8795,0.2577,0.8896,0.8489,0.168,0.321,0.5698,3.5385,4.6996,3.094,0.5189,9.05685,4.96261,Dipol92,P
Letters,5000,20000,16,26,0,0,1.8795,0.2577,0.8896,0.8489,0.168,0.321,0.5698,3.5385,4.6996,3.094,0.5189,9.05685,4.96261,Discrim,P
Letters,5000,20000,16,26,0,0,1.8795,0.2577,0.8896,0.8489,0.168,0.321,0.5698,3.5385,4.6996,3.094,0.5189,9.05685,4.96261,ITrule,N
Letters,5000,20000,16,26,0,0,1.8795,0.2577,0.8896,0.8489,0.168,0.321,0.5698,3.5385,4.6996,3.094,0.5189,9.05685,4.96261,IndCART,P
Letters,5000,20000,16,26,0,0,1.8795,0.2577,0.8896,0.8489,0.168,0.321,0.5698,3.5385,4.6996,3.094,0.5189,9.05685,4.96261,KNN,P
Letters,5000,20000,16,26,0,0,1.8795,0.2577,0.8896,0.8489,0.168,0.321,0.5698,3.5385,4.6996,3.094,0.5189,9.05685,4.96261,Kohonen,P
Letters,5000,20000,16,26,0,0,1.8795,0.2577,0.8896,0.8489,0.168,0.321,0.5698,3.5385,4.6996,3.094,0.5189,9.05685,4.96261,LVQ,P
Letters,5000,20000,16,26,0,0,1.8795,0.2577,0.8896,0.8489,0.168,0.321,0.5698,3.5385,4.6996,3.094,0.5189,9.05685,4.96261,LogDisc,P
Letters,5000,20000,16,26,0,0,1.8795,0.2577,0.8896,0.8489,0.168,0.321,0.5698,3.5385,4.6996,3.094,0.5189,9.05685,4.96261,NewId,P
Letters,5000,20000,16,26,0,0,1.8795,0.2577,0.8896,0.8489,0.168,0.321,0.5698,3.5385,4.6996,3.094,0.5189,9.05685,4.96261,QuaDisc,P
Letters,5000,20000,16,26,0,0,1.8795,0.2577,0.8896,0.8489,0.168,0.321,0.5698,3.5385,4.6996,3.094,0.5189,9.05685,4.96261,RBF,P
Letters,5000,20000,16,26,0,0,1.8795,0.2577,0.8896,0.8489,0.168,0.321,0.5698,3.5385,4.6996,3.094,0.5189,9.05685,4.96261,Smart,P
NewBelgian,1000,3000,57,2,0,0,1.0638,0.1216,0.5286,,1,,1.118,6.7738,0.3879,3.83,0.0421,9.21378,89.9739,Ac2,P
NewBelgian,1000,3000,57,2,0,0,1.0638,0.1216,0.5286,,1,,1.118,6.7738,0.3879,3.83,0.0421,9.21378,89.9739,Alloc80,P
NewBelgian,1000,3000,57,2,0,0,1.0638,0.1216,0.5286,,1,,1.118,6.7738,0.3879,3.83,0.0421,9.21378,89.9739,BackProp,P
NewBelgian,1000,3000,57,2,0,0,1.0638,0.1216,0.5286,,1,,1.118,6.7738,0.3879,3.83,0.0421,9.21378,89.9739,Bayes,P
NewBelgian,1000,3000,57,2,0,0,1.0638,0.1216,0.5286,,1,,1.118,6.7738,0.3879,3.83,0.0421,9.21378,89.9739,BayesTree,P
NewBelgian,1000,3000,57,2,0,0,1.0638,0.1216,0.5286,,1,,1.118,6.7738,0.3879,3.83,0.0421,9.21378,89.9739,C4_5,P
NewBelgian,1000,3000,57,2,0,0,1.0638,0.1216,0.5286,,1,,1.118,6.7738,0.3879,3.83,0.0421,9.21378,89.9739,CART,P
NewBelgian,1000,3000,57,2,0,0,1.0638,0.1216,0.5286,,1,,1.118,6.7738,0.3879,3.83,0.0421,9.21378,89.9739,Cal5,P
NewBelgian,1000,3000,57,2,0,0,1.0638,0.1216,0.5286,,1,,1.118,6.7738,0.3879,3.83,0.0421,9.21378,89.9739,Cascade,N
NewBelgian,1000,3000,57,2,0,0,1.0638,0.1216,0.5286,,1,,1.118,6.7738,0.3879,3.83,0.0421,9.21378,89.9739,Castle,P
NewBelgian,1000,3000,57,2,0,0,1.0638,0.1216,0.5286,,1,,1.118,6.7738,0.3879,3.83,0.0421,9.21378,89.9739,Cn2,P
NewBelgian,1000,3000,57,2,0,0,1.0638,0.1216,0.5286,,1,,1.118,6.7738,0.3879,3.83,0.0421,9.21378,89.9739,Default,P
NewBelgian,1000,3000,57,2,0,0,1.0638,0.1216,0.5286,,1,,1.118,6.7738,0.3879,3.83,0.0421,9.21378,89.9739,Dipol92,P
NewBelgian,1000,3000,57,2,0,0,1.0638,0.1216,0.5286,,1,,1.118,6.7738,0.3879,3.83,0.0421,9.21378,89.9739,Discrim,P
NewBelgian,1000,3000,57,2,0,0,1.0638,0.1216,0.5286,,1,,1.118,6.7738,0.3879,3.83,0.0421,9.21378,89.9739,ITrule,P
NewBelgian,1000,3000,57,2,0,0,1.0638,0.1216,0.5286,,1,,1.118,6.7738,0.3879,3.83,0.0421,9.21378,89.9739,IndCART,P
NewBelgian,1000,3000,57,2,0,0,1.0638,0.1216,0.5286,,1,,1.118,6.7738,0.3879,3.83,0.0421,9.21378,89.9739,KNN,P
NewBelgian,1000,3000,57,2,0,0,1.0638,0.1216,0.5286,,1,,1.118,6.7738,0.3879,3.83,0.0421,9.21378,89.9739,Kohonen,P
NewBelgian,1000,3000,57,2,0,0,1.0638,0.1216,0.5286,,1,,1.118,6.7738,0.3879,3.83,0.0421,9.21378,89.9739,LVQ,P
NewBelgian,1000,3000,57,2,0,0,1.0638,0.1216,0.5286,,1,,1.118,6.7738,0.3879,3.83,0.0421,9.21378,89.9739,LogDisc,P
NewBelgian,1000,3000,57,2,0,0,1.0638,0.1216,0.5286,,1,,1.118,6.7738,0.3879,3.83,0.0421,9.21378,89.9739,NewId,P
NewBelgian,1000,3000,57,2,0,0,1.0638,0.1216,0.5286,,1,,1.118,6.7738,0.3879,3.83,0.0421,9.21378,89.9739,QuaDisc,P
NewBelgian,1000,3000,57,2,0,0,1.0638,0.1216,0.5286,,1,,1.118,6.7738,0.3879,3.83,0.0421,9.21378,89.9739,RBF,P
NewBelgian,1000,3000,57,2,0,0,1.0638,0.1216,0.5286,,1,,1.118,6.7738,0.3879,3.83,0.0421,9.21378,89.9739,Smart,P
SatImage,2000,6435,36,6,0,0,1.297,0.5977,0.9366,0.9332,0.3586,0.7146,0.7316,4.1737,2.4734,5.5759,0.9443,2.61929,4.9048,Ac2,P
SatImage,2000,6435,36,6,0,0,1.297,0.5977,0.9366,0.9332,0.3586,0.7146,0.7316,4.1737,2.4734,5.5759,0.9443,2.61929,4.9048,Alloc80,P
SatImage,2000,6435,36,6,0,0,1.297,0.5977,0.9366,0.9332,0.3586,0.7146,0.7316,4.1737,2.4734,5.5759,0.9443,2.61929,4.9048,BackProp,P
SatImage,2000,6435,36,6,0,0,1.297,0.5977,0.9366,0.9332,0.3586,0.7146,0.7316,4.1737,2.4734,5.5759,0.9443,2.61929,4.9048,Bayes,P
SatImage,2000,6435,36,6,0,0,1.297,0.5977,0.9366,0.9332,0.3586,0.7146,0.7316,4.1737,2.4734,5.5759,0.9443,2.61929,4.9048,BayesTree,P
SatImage,2000,6435,36,6,0,0,1.297,0.5977,0.9366,0.9332,0.3586,0.7146,0.7316,4.1737,2.4734,5.5759,0.9443,2.61929,4.9048,C4_5,P
SatImage,2000,6435,36,6,0,0,1.297,0.5977,0.9366,0.9332,0.3586,0.7146,0.7316,4.1737,2.4734,5.5759,0.9443,2.61929,4.9048,CART,P
SatImage,2000,6435,36,6,0,0,1.297,0.5977,0.9366,0.9332,0.3586,0.7146,0.7316,4.1737,2.4734,5.5759,0.9443,2.61929,4.9048,Cal5,P
SatImage,2000,6435,36,6,0,0,1.297,0.5977,0.9366,0.9332,0.3586,0.7146,0.7316,4.1737,2.4734,5.5759,0.9443,2.61929,4.9048,Cascade,P
SatImage,2000,6435,36,6,0,0,1.297,0.5977,0.9366,0.9332,0.3586,0.7146,0.7316,4.1737,2.4734,5.5759,0.9443,2.61929,4.9048,Castle,P
SatImage,2000,6435,36,6,0,0,1.297,0.5977,0.9366,0.9332,0.3586,0.7146,0.7316,4.1737,2.4734,5.5759,0.9443,2.61929,4.9048,Cn2,P
SatImage,2000,6435,36,6,0,0,1.297,0.5977,0.9366,0.9332,0.3586,0.7146,0.7316,4.1737,2.4734,5.5759,0.9443,2.61929,4.9048,Default,N
SatImage,2000,6435,36,6,0,0,1.297,0.5977,0.9366,0.9332,0.3586,0.7146,0.7316,4.1737,2.4734,5.5759,0.9443,2.61929,4.9048,Dipol92,P
SatImage,2000,6435,36,6,0,0,1.297,0.5977,0.9366,0.9332,0.3586,0.7146,0.7316,4.1737,2.4734,5.5759,0.9443,2.61929,4.9048,Discrim,P
SatImage,2000,6435,36,6,0,0,1.297,0.5977,0.9366,0.9332,0.3586,0.7146,0.7316,4.1737,2.4734,5.5759,0.9443,2.61929,4.9048,ITrule,N
SatImage,2000,6435,36,6,0,0,1.297,0.5977,0.9366,0.9332,0.3586,0.7146,0.7316,4.1737,2.4734,5.5759,0.9443,2.61929,4.9048,IndCART,P
SatImage,2000,6435,36,6,0,0,1.297,0.5977,0.9366,0.9332,0.3586,0.7146,0.7316,4.1737,2.4734,5.5759,0.9443,2.61929,4.9048,KNN,P
SatImage,2000,6435,36,6,0,0,1.297,0.5977,0.9366,0.9332,0.3586,0.7146,0.7316,4.1737,2.4734,5.5759,0.9443,2.61929,4.9048,Kohonen,P
SatImage,2000,6435,36,6,0,0,1.297,0.5977,0.9366,0.9332,0.3586,0.7146,0.7316,4.1737,2.4734,5.5759,0.9443,2.61929,4.9048,LVQ,P
SatImage,2000,6435,36,6,0,0,1.297,0.5977,0.9366,0.9332,0.3586,0.7146,0.7316,4.1737,2.4734,5.5759,0.9443,2.61929,4.9048,LogDisc,P
SatImage,2000,6435,36,6,0,0,1.297,0.5977,0.9366,0.9332,0.3586,0.7146,0.7316,4.1737,2.4734,5.5759,0.9443,2.61929,4.9048,NewId,P
SatImage,2000,6435,36,6,0,0,1.297,0.5977,0.9366,0.9332,0.3586,0.7146,0.7316,4.1737,2.4734,5.5759,0.9443,2.61929,4.9048,QuaDisc,P
SatImage,2000,6435,36,6,0,0,1.297,0.5977,0.9366,0.9332,0.3586,0.7146,0.7316,4.1737,2.4734,5.5759,0.9443,2.61929,4.9048,RBF,P
SatImage,2000,6435,36,6,0,0,1.297,0.5977,0.9366,0.9332,0.3586,0.7146,0.7316,4.1737,2.4734,5.5759,0.9443,2.61929,4.9048,Smart,P
Segment,2310,2310,11,7,0,0,4.0014,0.1425,0.976,0.9623,0.3098,0.611,2.958,24.4813,2.8072,3.0787,0.6672,4.20743,3.61436,Ac2,P
Segment,2310,2310,11,7,0,0,4.0014,0.1425,0.976,0.9623,0.3098,0.611,2.958,24.4813,2.8072,3.0787,0.6672,4.20743,3.61436,Alloc80,P
Segment,2310,2310,11,7,0,0,4.0014,0.1425,0.976,0.9623,0.3098,0.611,2.958,24.4813,2.8072,3.0787,0.6672,4.20743,3.61436,BackProp,P
Segment,2310,2310,11,7,0,0,4.0014,0.1425,0.976,0.9623,0.3098,0.611,2.958,24.4813,2.8072,3.0787,0.6672,4.20743,3.61436,Bayes,P
Segment,2310,2310,11,7,0,0,4.0014,0.1425,0.976,0.9623,0.3098,0.611,2.958,24.4813,2.8072,3.0787,0.6672,4.20743,3.61436,BayesTree,P
Segment,2310,2310,11,7,0,0,4.0014,0.1425,0.976,0.9623,0.3098,0.611,2.958,24.4813,2.8072,3.0787,0.6672,4.20743,3.61436,C4_5,P
Segment,2310,2310,11,7,0,0,4.0014,0.1425,0.976,0.9623,0.3098,0.611,2.958,24.4813,2.8072,3.0787,0.6672,4.20743,3.61436,CART,P
Segment,2310,2310,11,7,0,0,4.0014,0.1425,0.976,0.9623,0.3098,0.611,2.958,24.4813,2.8072,3.0787,0.6672,4.20743,3.61436,Cal5,P
Segment,2310,2310,11,7,0,0,4.0014,0.1425,0.976,0.9623,0.3098,0.611,2.958,24.4813,2.8072,3.0787,0.6672,4.20743,3.61436,Cascade,N
Segment,2310,2310,11,7,0,0,4.0014,0.1425,0.976,0.9623,0.3098,0.611,2.958,24.4813,2.8072,3.0787,0.6672,4.20743,3.61436,Castle,P
Segment,2310,2310,11,7,0,0,4.0014,0.1425,0.976,0.9623,0.3098,0.611,2.958,24.4813,2.8072,3.0787,0.6672,4.20743,3.61436,Cn2,P
Segment,2310,2310,11,7,0,0,4.0014,0.1425,0.976,0.9623,0.3098,0.611,2.958,24.4813,2.8072,3.0787,0.6672,4.20743,3.61436,Default,N
Segment,2310,2310,11,7,0,0,4.0014,0.1425,0.976,0.9623,0.3098,0.611,2.958,24.4813,2.8072,3.0787,0.6672,4.20743,3.61436,Dipol92,P
Segment,2310,2310,11,7,0,0,4.0014,0.1425,0.976,0.9623,0.3098,0.611,2.958,24.4813,2.8072,3.0787,0.6672,4.20743,3.61436,Discrim,P
Segment,2310,2310,11,7,0,0,4.0014,0.1425,0.976,0.9623,0.3098,0.611,2.958,24.4813,2.8072,3.0787,0.6672,4.20743,3.61436,ITrule,N
Segment,2310,2310,11,7,0,0,4.0014,0.1425,0.976,0.9623,0.3098,0.611,2.958,24.4813,2.8072,3.0787,0.6672,4.20743,3.61436,IndCART,P
Segment,2310,2310,11,7,0,0,4.0014,0.1425,0.976,0.9623,0.3098,0.611,2.958,24.4813,2.8072,3.0787,0.6672,4.20743,3.61436,KNN,P
Segment,2310,2310,11,7,0,0,4.0014,0.1425,0.976,0.9623,0.3098,0.611,2.958,24.4813,2.8072,3.0787,0.6672,4.20743,3.61436,Kohonen,P
Segment,2310,2310,11,7,0,0,4.0014,0.1425,0.976,0.9623,0.3098,0.611,2.958,24.4813,2.8072,3.0787,0.6672,4.20743,3.61436,LVQ,P
Segment,2310,2310,11,7,0,0,4.0014,0.1425,0.976,0.9623,0.3098,0.611,2.958,24.4813,2.8072,3.0787,0.6672,4.20743,3.61436,LogDisc,P
Segment,2310,2310,11,7,0,0,4.0014,0.1425,0.976,0.9623,0.3098,0.611,2.958,24.4813,2.8072,3.0787,0.6672,4.20743,3.61436,NewId,P
Segment,2310,2310,11,7,0,0,4.0014,0.1425,0.976,0.9623,0.3098,0.611,2.958,24.4813,2.8072,3.0787,0.6672,4.20743,3.61436,QuaDisc,P
Segment,2310,2310,11,7,0,0,4.0014,0.1425,0.976,0.9623,0.3098,0.611,2.958,24.4813,2.8072,3.0787,0.6672,4.20743,3.61436,RBF,P
Segment,2310,2310,11,7,0,0,4.0014,0.1425,0.976,0.9623,0.3098,0.611,2.958,24.4813,2.8072,3.0787,0.6672,4.20743,3.61436,Smart,P
Shuttle,14500,58000,9,7,0,0,1.6067,0.3558,0.9668,0.6968,0.6252,0.9499,4.4371,160.311,0.9653,3.4271,0.3348,2.88321,9.23626,Ac2,P
Shuttle,14500,58000,9,7,0,0,1.6067,0.3558,0.9668,0.6968,0.6252,0.9499,4.4371,160.311,0.9653,3.4271,0.3348,2.88321,9.23626,Alloc80,P
Shuttle,14500,58000,9,7,0,0,1.6067,0.3558,0.9668,0.6968,0.6252,0.9499,4.4371,160.311,0.9653,3.4271,0.3348,2.88321,9.23626,BackProp,P
Shuttle,14500,58000,9,7,0,0,1.6067,0.3558,0.9668,0.6968,0.6252,0.9499,4.4371,160.311,0.9653,3.4271,0.3348,2.88321,9.23626,Bayes,N
Shuttle,14500,58000,9,7,0,0,1.6067,0.3558,0.9668,0.6968,0.6252,0.9499,4.4371,160.311,0.9653,3.4271,0.3348,2.88321,9.23626,BayesTree,P
Shuttle,14500,58000,9,7,0,0,1.6067,0.3558,0.9668,0.6968,0.6252,0.9499,4.4371,160.311,0.9653,3.4271,0.3348,2.88321,9.23626,C4_5,P
Shuttle,14500,58000,9,7,0,0,1.6067,0.3558,0.9668,0.6968,0.6252,0.9499,4.4371,160.311,0.9653,3.4271,0.3348,2.88321,9.23626,CART,P
Shuttle,14500,58000,9,7,0,0,1.6067,0.3558,0.9668,0.6968,0.6252,0.9499,4.4371,160.311,0.9653,3.4271,0.3348,2.88321,9.23626,Cal5,P
Shuttle,14500,58000,9,7,0,0,1.6067,0.3558,0.9668,0.6968,0.6252,0.9499,4.4371,160.311,0.9653,3.4271,0.3348,2.88321,9.23626,Cascade,N
Shuttle,14500,58000,9,7,0,0,1.6067,0.3558,0.9668,0.6968,0.6252,0.9499,4.4371,160.311,0.9653,3.4271,0.3348,2.88321,9.23626,Castle,N
Shuttle,14500,58000,9,7,0,0,1.6067,0.3558,0.9668,0.6968,0.6252,0.9499,4.4371,160.311,0.9653,3.4271,0.3348,2.88321,9.23626,Cn2,P
Shuttle,14500,58000,9,7,0,0,1.6067,0.3558,0.9668,0.6968,0.6252,0.9499,4.4371,160.311,0.9653,3.4271,0.3348,2.88321,9.23626,Default,N
Shuttle,14500,58000,9,7,0,0,1.6067,0.3558,0.9668,0.6968,0.6252,0.9499,4.4371,160.311,0.9653,3.4271,0.3348,2.88321,9.23626,Dipol92,P
Shuttle,14500,58000,9,7,0,0,1.6067,0.3558,0.9668,0.6968,0.6252,0.9499,4.4371,160.311,0.9653,3.4271,0.3348,2.88321,9.23626,Discrim,N
Shuttle,14500,58000,9,7,0,0,1.6067,0.3558,0.9668,0.6968,0.6252,0.9499,4.4371,160.311,0.9653,3.4271,0.3348,2.88321,9.23626,ITrule,P
Shuttle,14500,58000,9,7,0,0,1.6067,0.3558,0.9668,0.6968,0.6252,0.9499,4.4371,160.311,0.9653,3.4271,0.3348,2.88321,9.23626,IndCART,P
Shuttle,14500,58000,9,7,0,0,1.6067,0.3558,0.9668,0.6968,0.6252,0.9499,4.4371,160.311,0.9653,3.4271,0.3348,2.88321,9.23626,KNN,P
Shuttle,14500,58000,9,7,0,0,1.6067,0.3558,0.9668,0.6968,0.6252,0.9499,4.4371,160.311,0.9653,3.4271,0.3348,2.88321,9.23626,Kohonen,N
Shuttle,14500,58000,9,7,0,0,1.6067,0.3558,0.9668,0.6968,0.6252,0.9499,4.4371,160.311,0.9653,3.4271,0.3348,2.88321,9.23626,LVQ,P
Shuttle,14500,58000,9,7,0,0,1.6067,0.3558,0.9668,0.6968,0.6252,0.9499,4.4371,160.311,0.9653,3.4271,0.3348,2.88321,9.23626,LogDisc,N
Shuttle,14500,58000,9,7,0,0,1.6067,0.3558,0.9668,0.6968,0.6252,0.9499,4.4371,160.311,0.9653,3.4271,0.3348,2.88321,9.23626,NewId,P
Shuttle,14500,58000,9,7,0,0,1.6067,0.3558,0.9668,0.6968,0.6252,0.9499,4.4371,160.311,0.9653,3.4271,0.3348,2.88321,9.23626,QuaDisc,N
Shuttle,14500,58000,9,7,0,0,1.6067,0.3558,0.9668,0.6968,0.6252,0.9499,4.4371,160.311,0.9653,3.4271,0.3348,2.88321,9.23626,RBF,N
Shuttle,14500,58000,9,7,0,0,1.6067,0.3558,0.9668,0.6968,0.6252,0.9499,4.4371,160.311,0.9653,3.4271,0.3348,2.88321,9.23626,Smart,P
Technical,2580,7078,56,91,0,0,2.2442,,0.9165,0.6818,0.5575,0.866,6.7156,108.296,4.8787,0.3672,0.1815,26.8799,1.02314,Ac2,P
Technical,2580,7078,56,91,0,0,2.2442,,0.9165,0.6818,0.5575,0.866,6.7156,108.296,4.8787,0.3672,0.1815,26.8799,1.02314,Alloc80,N
Technical,2580,7078,56,91,0,0,2.2442,,0.9165,0.6818,0.5575,0.866,6.7156,108.296,4.8787,0.3672,0.1815,26.8799,1.02314,BackProp,N
Technical,2580,7078,56,91,0,0,2.2442,,0.9165,0.6818,0.5575,0.866,6.7156,108.296,4.8787,0.3672,0.1815,26.8799,1.02314,Bayes,P
Technical,2580,7078,56,91,0,0,2.2442,,0.9165,0.6818,0.5575,0.866,6.7156,108.296,4.8787,0.3672,0.1815,26.8799,1.02314,BayesTree,P
Technical,2580,7078,56,91,0,0,2.2442,,0.9165,0.6818,0.5575,0.866,6.7156,108.296,4.8787,0.3672,0.1815,26.8799,1.02314,C4_5,P
Technical,2580,7078,56,91,0,0,2.2442,,0.9165,0.6818,0.5575,0.866,6.7156,108.296,4.8787,0.3672,0.1815,26.8799,1.02314,CART,N
Technical,2580,7078,56,91,0,0,2.2442,,0.9165,0.6818,0.5575,0.866,6.7156,108.296,4.8787,0.3672,0.1815,26.8799,1.02314,Cal5,P
Technical,2580,7078,56,91,0,0,2.2442,,0.9165,0.6818,0.5575,0.866,6.7156,108.296,4.8787,0.3672,0.1815,26.8799,1.02314,Cascade,N
Technical,2580,7078,56,91,0,0,2.2442,,0.9165,0.6818,0.5575,0.866,6.7156,108.296,4.8787,0.3672,0.1815,26.8799,1.02314,Castle,N
Technical,2580,7078,56,91,0,0,2.2442,,0.9165,0.6818,0.5575,0.866,6.7156,108.296,4.8787,0.3672,0.1815,26.8799,1.02314,Cn2,P
Technical,2580,7078,56,91,0,0,2.2442,,0.9165,0.6818,0.5575,0.866,6.7156,108.296,4.8787,0.3672,0.1815,26.8799,1.02314,Default,N
Technical,2580,7078,56,91,0,0,2.2442,,0.9165,0.6818,0.5575,0.866,6.7156,108.296,4.8787,0.3672,0.1815,26.8799,1.02314,Dipol92,P
Technical,2580,7078,56,91,0,0,2.2442,,0.9165,0.6818,0.5575,0.866,6.7156,108.296,4.8787,0.3672,0.1815,26.8799,1.02314,Discrim,P
Technical,2580,7078,56,91,0,0,2.2442,,0.9165,0.6818,0.5575,0.866,6.7156,108.296,4.8787,0.3672,0.1815,26.8799,1.02314,ITrule,N
Technical,2580,7078,56,91,0,0,2.2442,,0.9165,0.6818,0.5575,0.866,6.7156,108.296,4.8787,0.3672,0.1815,26.8799,1.02314,IndCART,P
Technical,2580,7078,56,91,0,0,2.2442,,0.9165,0.6818,0.5575,0.866,6.7156,108.296,4.8787,0.3672,0.1815,26.8799,1.02314,KNN,P
Technical,2580,7078,56,91,0,0,2.2442,,0.9165,0.6818,0.5575,0.866,6.7156,108.296,4.8787,0.3672,0.1815,26.8799,1.02314,Kohonen,P
Technical,2580,7078,56,91,0,0,2.2442,,0.9165,0.6818,0.5575,0.866,6.7156,108.296,4.8787,0.3672,0.1815,26.8799,1.02314,LVQ,P
Technical,2580,7078,56,91,0,0,2.2442,,0.9165,0.6818,0.5575,0.866,6.7156,108.296,4.8787,0.3672,0.1815,26.8799,1.02314,LogDisc,P
Technical,2580,7078,56,91,0,0,2.2442,,0.9165,0.6818,0.5575,0.866,6.7156,108.296,4.8787,0.3672,0.1815,26.8799,1.02314,NewId,P
Technical,2580,7078,56,91,0,0,2.2442,,0.9165,0.6818,0.5575,0.866,6.7156,108.296,4.8787,0.3672,0.1815,26.8799,1.02314,QuaDisc,P
Technical,2580,7078,56,91,0,0,2.2442,,0.9165,0.6818,0.5575,0.866,6.7156,108.296,4.8787,0.3672,0.1815,26.8799,1.02314,RBF,P
Technical,2580,7078,56,91,0,0,2.2442,,0.9165,0.6818,0.5575,0.866,6.7156,108.296,4.8787,0.3672,0.1815,26.8799,1.02314,Smart,P
TseTse,1499,4999,14,2,0,0,1.1316,0.3676,0.7792,,1,,0.6483,4.3322,0.9998,3.8755,0.285,3.50807,12.5982,Ac2,P
TseTse,1499,4999,14,2,0,0,1.1316,0.3676,0.7792,,1,,0.6483,4.3322,0.9998,3.8755,0.285,3.50807,12.5982,Alloc80,P
TseTse,1499,4999,14,2,0,0,1.1316,0.3676,0.7792,,1,,0.6483,4.3322,0.9998,3.8755,0.285,3.50807,12.5982,BackProp,P
TseTse,1499,4999,14,2,0,0,1.1316,0.3676,0.7792,,1,,0.6483,4.3322,0.9998,3.8755,0.285,3.50807,12.5982,Bayes,P
TseTse,1499,4999,14,2,0,0,1.1316,0.3676,0.7792,,1,,0.6483,4.3322,0.9998,3.8755,0.285,3.50807,12.5982,BayesTree,P
TseTse,1499,4999,14,2,0,0,1.1316,0.3676,0.7792,,1,,0.6483,4.3322,0.9998,3.8755,0.285,3.50807,12.5982,C4_5,P
TseTse,1499,4999,14,2,0,0,1.1316,0.3676,0.7792,,1,,0.6483,4.3322,0.9998,3.8755,0.285,3.50807,12.5982,CART,P
TseTse,1499,4999,14,2,0,0,1.1316,0.3676,0.7792,,1,,0.6483,4.3322,0.9998,3.8755,0.285,3.50807,12.5982,Cal5,P
TseTse,1499,4999,14,2,0,0,1.1316,0.3676,0.7792,,1,,0.6483,4.3322,0.9998,3.8755,0.285,3.50807,12.5982,Cascade,N
TseTse,1499,4999,14,2,0,0,1.1316,0.3676,0.7792,,1,,0.6483,4.3322,0.9998,3.8755,0.285,3.50807,12.5982,Castle,P
TseTse,1499,4999,14,2,0,0,1.1316,0.3676,0.7792,,1,,0.6483,4.3322,0.9998,3.8755,0.285,3.50807,12.5982,Cn2,P
TseTse,1499,4999,14,2,0,0,1.1316,0.3676,0.7792,,1,,0.6483,4.3322,0.9998,3.8755,0.285,3.50807,12.5982,Default,P
TseTse,1499,4999,14,2,0,0,1.1316,0.3676,0.7792,,1,,0.6483,4.3322,0.9998,3.8755,0.285,3.50807,12.5982,Dipol92,P
TseTse,1499,4999,14,2,0,0,1.1316,0.3676,0.7792,,1,,0.6483,4.3322,0.9998,3.8755,0.285,3.50807,12.5982,Discrim,P
TseTse,1499,4999,14,2,0,0,1.1316,0.3676,0.7792,,1,,0.6483,4.3322,0.9998,3.8755,0.285,3.50807,12.5982,ITrule,P
TseTse,1499,4999,14,2,0,0,1.1316,0.3676,0.7792,,1,,0.6483,4.3322,0.9998,3.8755,0.285,3.50807,12.5982,IndCART,P
TseTse,1499,4999,14,2,0,0,1.1316,0.3676,0.7792,,1,,0.6483,4.3322,0.9998,3.8755,0.285,3.50807,12.5982,KNN,P
TseTse,1499,4999,14,2,0,0,1.1316,0.3676,0.7792,,1,,0.6483,4.3322,0.9998,3.8755,0.285,3.50807,12.5982,Kohonen,P
TseTse,1499,4999,14,2,0,0,1.1316,0.3676,0.7792,,1,,0.6483,4.3322,0.9998,3.8755,0.285,3.50807,12.5982,LVQ,P
TseTse,1499,4999,14,2,0,0,1.1316,0.3676,0.7792,,1,,0.6483,4.3322,0.9998,3.8755,0.285,3.50807,12.5982,LogDisc,P
TseTse,1499,4999,14,2,0,0,1.1316,0.3676,0.7792,,1,,0.6483,4.3322,0.9998,3.8755,0.285,3.50807,12.5982,NewId,P
TseTse,1499,4999,14,2,0,0,1.1316,0.3676,0.7792,,1,,0.6483,4.3322,0.9998,3.8755,0.285,3.50807,12.5982,QuaDisc,P
TseTse,1499,4999,14,2,0,0,1.1316,0.3676,0.7792,,1,,0.6483,4.3322,0.9998,3.8755,0.285,3.50807,12.5982,RBF,P
TseTse,1499,4999,14,2,0,0,1.1316,0.3676,0.7792,,1,,0.6483,4.3322,0.9998,3.8755,0.285,3.50807,12.5982,Smart,P
Vehicle,846,846,18,4,0,0,1.5392,0.4828,0.842,0.8189,0.4696,0.9139,0.8282,5.18,1.9979,4.2472,0.3538,5.64698,11.0045,Ac2,P
Vehicle,846,846,18,4,0,0,1.5392,0.4828,0.842,0.8189,0.4696,0.9139,0.8282,5.18,1.9979,4.2472,0.3538,5.64698,11.0045,Alloc80,P
Vehicle,846,846,18,4,0,0,1.5392,0.4828,0.842,0.8189,0.4696,0.9139,0.8282,5.18,1.9979,4.2472,0.3538,5.64698,11.0045,BackProp,P
Vehicle,846,846,18,4,0,0,1.5392,0.4828,0.842,0.8189,0.4696,0.9139,0.8282,5.18,1.9979,4.2472,0.3538,5.64698,11.0045,Bayes,P
Vehicle,846,846,18,4,0,0,1.5392,0.4828,0.842,0.8189,0.4696,0.9139,0.8282,5.18,1.9979,4.2472,0.3538,5.64698,11.0045,BayesTree,P
Vehicle,846,846,18,4,0,0,1.5392,0.4828,0.842,0.8189,0.4696,0.9139,0.8282,5.18,1.9979,4.2472,0.3538,5.64698,11.0045,C4_5,P
Vehicle,846,846,18,4,0,0,1.5392,0.4828,0.842,0.8189,0.4696,0.9139,0.8282,5.18,1.9979,4.2472,0.3538,5.64698,11.0045,CART,P
Vehicle,846,846,18,4,0,0,1.5392,0.4828,0.842,0.8189,0.4696,0.9139,0.8282,5.18,1.9979,4.2472,0.3538,5.64698,11.0045,Cal5,P
Vehicle,846,846,18,4,0,0,1.5392,0.4828,0.842,0.8189,0.4696,0.9139,0.8282,5.18,1.9979,4.2472,0.3538,5.64698,11.0045,Cascade,P
Vehicle,846,846,18,4,0,0,1.5392,0.4828,0.842,0.8189,0.4696,0.9139,0.8282,5.18,1.9979,4.2472,0.3538,5.64698,11.0045,Castle,P
Vehicle,846,846,18,4,0,0,1.5392,0.4828,0.842,0.8189,0.4696,0.9139,0.8282,5.18,1.9979,4.2472,0.3538,5.64698,11.0045,Cn2,P
Vehicle,846,846,18,4,0,0,1.5392,0.4828,0.842,0.8189,0.4696,0.9139,0.8282,5.18,1.9979,4.2472,0.3538,5.64698,11.0045,Default,P
Vehicle,846,846,18,4,0,0,1.5392,0.4828,0.842,0.8189,0.4696,0.9139,0.8282,5.18,1.9979,4.2472,0.3538,5.64698,11.0045,Dipol92,P
Vehicle,846,846,18,4,0,0,1.5392,0.4828,0.842,0.8189,0.4696,0.9139,0.8282,5.18,1.9979,4.2472,0.3538,5.64698,11.0045,Discrim,P
Vehicle,846,846,18,4,0,0,1.5392,0.4828,0.842,0.8189,0.4696,0.9139,0.8282,5.18,1.9979,4.2472,0.3538,5.64698,11.0045,ITrule,P
Vehicle,846,846,18,4,0,0,1.5392,0.4828,0.842,0.8189,0.4696,0.9139,0.8282,5.18,1.9979,4.2472,0.3538,5.64698,11.0045,IndCART,P
Vehicle,846,846,18,4,0,0,1.5392,0.4828,0.842,0.8189,0.4696,0.9139,0.8282,5.18,1.9979,4.2472,0.3538,5.64698,11.0045,KNN,P
Vehicle,846,846,18,4,0,0,1.5392,0.4828,0.842,0.8189,0.4696,0.9139,0.8282,5.18,1.9979,4.2472,0.3538,5.64698,11.0045,Kohonen,P
Vehicle,846,846,18,4,0,0,1.5392,0.4828,0.842,0.8189,0.4696,0.9139,0.8282,5.18,1.9979,4.2472,0.3538,5.64698,11.0045,LVQ,P
Vehicle,846,846,18,4,0,0,1.5392,0.4828,0.842,0.8189,0.4696,0.9139,0.8282,5.18,1.9979,4.2472,0.3538,5.64698,11.0045,LogDisc,P
Vehicle,846,846,18,4,0,0,1.5392,0.4828,0.842,0.8189,0.4696,0.9139,0.8282,5.18,1.9979,4.2472,0.3538,5.64698,11.0045,NewId,P
Vehicle,846,846,18,4,0,0,1.5392,0.4828,0.842,0.8189,0.4696,0.9139,0.8282,5.18,1.9979,4.2472,0.3538,5.64698,11.0045,QuaDisc,P
Vehicle,846,846,18,4,0,0,1.5392,0.4828,0.842,0.8189,0.4696,0.9139,0.8282,5.18,1.9979,4.2472,0.3538,5.64698,11.0045,RBF,P
Vehicle,846,846,18,4,0,0,1.5392,0.4828,0.842,0.8189,0.4696,0.9139,0.8282,5.18,1.9979,4.2472,0.3538,5.64698,11.0045,Smart,P
