"att1","att2","att3","att4","att5","att6","binaryClass"
1,0,0,133.150861,1.311693,1620.221779,P
1,0,0,126.724861,1.302745,1609.334822,P
1,0,0,131.173861,1.319031,1568.978435,P
1,0,0,129.478861,1.270878,1695.055281,P
1,0,0,127.262861,1.329637,1647.720235,P
1,0,0,131.058861,1.310403,2027.211367,P
1,0,0,138.442861,1.379906,1918.750472,P
1,0,0,129.346861,1.305646,1547.263727,P
1,0,0,139.542861,1.374661,1871.055934,P
1,0,0,132.628861,1.374434,1884.680458,P
1,0,0,128.684861,1.319394,1624.011556,P
1,0,0,129.346861,1.210899,1635.044099,P
1,0,0,141.072861,1.336216,2180.629149,P
1,0,0,130.810861,1.248912,1627.671359,P
1,0,0,131.868861,1.299064,1677.247402,P
1,0,0,128.618861,1.225879,1517.039218,P
1,0,0,127.129861,1.270321,1739.283124,P
1,0,0,135.846861,1.366889,1640.186583,P
1,0,0,127.758861,1.362188,1549.720967,P
1,0,0,134.324861,1.301996,1785.058233,P
1,0,0,127.923861,1.327469,1560.581747,P
1,0,0,128.800861,1.242598,1519.847054,P
1,0,0,132.422861,1.236974,1655.205001,P
1,0,0,129.288861,1.255408,1590.042076,P
1,0,0,136.110861,1.272122,1819.020085,P
1,0,0,131.322861,1.262507,1662.386954,P
1,0,0,134.258861,1.277449,1655.186876,P
1,0,0,134.506861,1.362977,1745.600125,P
1,0,0,131.702861,1.337155,1855.10493,P
1,0,0,134.820861,1.249143,1623.20697,P
1,0,0,130.322861,1.258018,1679.91193,P
1,0,0,128.469861,1.304331,1668.804985,P
1,0,0,129.817861,1.296367,1791.835534,P
1,0,0,123.268861,1.175559,1647.619186,P
1,0,0,123.342861,1.343222,1700.900026,P
1,0,0,133.034861,1.250948,1718.367277,P
1,0,0,129.164861,1.234612,1630.91695,P
1,0,0,133.232861,1.369648,1747.263857,P
1,0,0,130.156861,1.287706,1668.600995,P
1,0,0,123.887861,1.288205,1664.23941,P
1,0,0,130.694861,1.343557,1685.056222,P
1,0,0,122.448861,1.21294,1618.527005,P
1,0,0,127.948861,1.317956,1595.632139,P
1,0,0,132.976861,1.302848,1628.679826,P
1,0,0,128.916861,1.219017,1648.696015,P
1,0,0,136.226861,1.329887,1877.636421,P
1,0,0,134.820861,1.276998,1897.196661,P
1,0,0,134.249861,1.285432,1949.581306,P
1,0,0,125.136861,1.298548,1622.168475,P
1,0,0,130.578861,1.268686,1596.788072,P
1,0,0,124.384861,1.364778,1788.18042,P
1,0,0,134.804861,1.292236,1619.933005,P
1,0,0,124.136861,1.263616,1560.034174,P
1,0,0,128.122861,1.238959,1508.249286,P
1,0,0,127.766861,1.232623,1604.780162,P
1,0,0,131.198861,1.287761,1697.677432,P
1,0,0,128.858861,1.270186,1632.641545,P
1,0,0,133.282861,1.291134,1777.046545,P
1,0,0,133.306861,1.30766,1829.529741,P
1,0,0,126.774861,1.342144,1730.012685,P
1,0,0,127.948861,1.32415,1652.673224,P
1,0,0,129.552861,1.320467,1764.701054,P
1,0,0,127.650861,1.269962,1653.768568,P
1,0,0,132.794861,1.300281,1549.259053,P
1,0,0,130.156861,1.428109,1849.047453,P
1,0,0,136.822861,1.269062,1799.855201,P
1,0,0,133.018861,1.294699,1813.312452,P
1,0,0,135.300861,1.306836,1690.068384,P
1,0,0,125.310861,1.283107,1573.404626,P
1,0,0,135.862861,1.340864,1733.270959,P
1,0,0,130.958861,1.348961,1755.422128,P
1,0,0,130.140861,1.293127,1601.576424,P
1,0,0,124.996861,1.21807,1692.167937,P
1,0,0,128.924861,1.201011,1605.448565,P
1,0,0,134.018861,1.345078,1871.813126,P
1,0,0,129.676861,1.273593,1830.097057,P
1,0,0,128.667861,1.272193,1640.830426,P
1,0,0,126.998861,1.26663,1542.462627,P
1,0,0,132.678861,1.326601,1617.683221,P
1,0,0,123.945861,1.239283,1634.678494,P
1,0,0,130.230861,1.317101,1669.673789,P
1,0,0,128.973861,1.311147,1752.911256,P
1,0,0,124.425861,1.276571,1701.558585,P
1,0,0,132.215861,1.26305,1757.956207,P
1,0,0,131.802861,1.30883,1766.959705,P
1,0,0,127.460861,1.292413,1608.963832,P
1,0,0,130.578861,1.217083,1620.643384,P
1,0,0,126.278861,1.210506,1514.355177,P
1,0,0,125.600861,1.164346,1497.753302,P
1,0,0,130.660861,1.359555,1859.826849,P
1,0,0,134.936861,1.264624,1611.208565,P
1,0,0,130.636861,1.216297,1601.070959,P
1,0,0,126.956861,1.275816,1608.740609,P
1,0,0,136.648861,1.27366,1712.383206,P
1,0,0,136.392861,1.386569,1885.099585,P
1,0,0,133.298861,1.354236,1880.481171,P
1,0,0,125.186861,1.196588,1607.212267,P
1,0,0,128.419861,1.334423,1634.099606,P
1,0,0,125.070861,1.273953,1558.653074,P
1,0,0,131.372861,1.358671,1638.356526,P
1,0,0,134.010861,1.270042,1758.968752,P
1,0,0,134.235861,1.360231,2267.902684,P
1,0,0,131.554861,1.294393,1768.849417,P
1,0,0,134.746861,1.322585,1753.236205,P
1,0,0,133.464861,1.296726,1568.881562,P
1,0,0,134.390861,1.279433,1651.891693,P
1,0,0,123.236861,1.365678,2097.188584,P
1,0,0,121.986861,1.303442,2022.701798,P
1,0,0,127.072861,1.18247,1636.628705,P
1,0,0,126.882861,1.22769,1707.518308,P
1,0,0,131.934861,1.251781,1555.877738,P
1,0,0,136.598861,1.327176,1711.670697,P
1,0,0,129.164861,1.263976,1537.423771,P
1,0,0,131.794861,1.22375,1713.431751,P
1,0,0,132.406861,1.290279,1694.659385,P
1,0,0,129.329861,1.306311,1847.247259,P
1,0,0,125.442861,1.298215,1591.472529,P
1,0,0,130.280861,1.298552,1705.019387,P
1,0,0,129.098861,1.276454,1664.239391,P
1,0,0,128.304861,1.245116,1543.955581,P
1,0,0,131.487861,1.367231,1914.107054,P
1,0,0,134.490861,1.295977,1728.132575,P
1,0,0,132.596861,1.316714,1694.231061,P
1,0,0,135.060861,1.252043,1652.290596,P
1,0,0,132.612861,1.274169,1740.207854,P
1,0,0,132.596861,1.374103,1632.047281,P
1,0,0,134.820861,1.367925,1872.544549,P
1,0,0,128.742861,1.292125,1698.454401,P
1,0,0,127.816861,1.461082,1782.537404,P
1,0,0,136.912861,1.412175,2092.472544,P
1,0,0,121.572861,1.248125,1530.151156,P
1,0,0,139.666861,1.463253,2154.437406,P
1,0,0,131.256861,1.26114,1719.125603,P
1,0,0,127.956861,1.289142,1586.722364,P
1,0,0,122.300861,1.258939,1669.417735,P
0,2,0,231.276861,2.38708,15215.964412,P
1,0,0,131.536861,1.355819,1831.15225,P
1,0,0,124.020861,1.221007,1454.976293,P
1,0,0,129.403861,1.310423,1731.031579,P
1,0,0,132.538861,1.274197,1658.776947,P
1,0,0,135.432861,1.26648,1795.471446,P
1,0,0,130.519861,1.368366,1861.505678,P
1,0,0,128.270861,1.23604,1795.013571,P
1,0,0,131.934861,1.356304,1623.238035,P
1,0,0,133.588861,1.38345,1666.205493,P
1,0,0,136.640861,1.302338,1759.938914,P
1,0,0,139.972861,1.313272,1997.273622,P
1,0,0,131.620861,1.278052,1881.470567,P
1,0,0,131.256861,1.236981,1638.090031,P
1,0,0,127.882861,1.327942,1631.551109,P
1,0,0,134.266861,1.271035,1794.42567,P
1,0,0,133.382861,1.272739,1567.084426,P
1,0,0,130.958861,1.279225,1750.990786,P
1,0,0,129.850861,1.299141,1551.035202,P
1,0,0,136.978861,1.30855,1963.711458,P
1,0,0,126.882861,1.226248,1606.8253,P
1,0,0,130.089861,1.332919,1734.783871,P
1,0,0,127.146861,1.21953,1521.022814,P
1,0,0,126.394861,1.26536,1803.287201,P
1,0,0,131.066861,1.246369,1795.985887,P
1,0,0,127.436861,1.193676,1628.764278,P
1,0,0,132.472861,1.327882,1731.645587,P
1,0,0,128.800861,1.283,1566.947169,P
1,0,0,137.880861,1.361614,1769.867,P
0,2,0,218.300861,2.229401,9370.670736,P
1,0,0,135.978861,1.303489,1853.991544,P
1,0,0,126.998861,1.192205,1629.070635,P
1,0,0,126.186861,1.208926,1580.812573,P
1,0,0,129.891861,1.286668,1782.854228,P
1,0,0,129.362861,1.217773,1597.345025,P
1,0,0,135.738861,1.279935,1949.631773,P
1,0,0,136.086861,1.495439,1717.339068,P
1,0,0,121.656861,1.318004,1720.433994,P
1,0,0,144.016861,1.343802,2256.65348,P
1,0,0,129.048861,1.339143,1605.035208,P
1,0,0,130.512861,1.34887,1608.475743,P
1,0,0,137.822861,1.2931,1945.003749,P
1,0,0,128.146861,1.212417,1726.835761,P
1,0,0,127.873861,1.230064,1640.155507,P
1,0,0,135.043861,1.387344,1924.81049,P
1,0,0,122.904861,1.201994,1439.53494,P
1,0,0,128.354861,1.200291,1496.383412,P
1,0,0,126.782861,1.257423,1604.499945,P
1,0,0,132.414861,1.31166,1836.507388,P
1,0,0,125.170861,1.180945,1541.397831,P
1,0,0,131.620861,1.253776,1853.712744,P
1,0,0,135.176861,1.286184,1671.001033,P
1,0,0,128.502861,1.338924,1715.132468,P
1,0,0,128.799861,1.213826,1650.613831,P
0,2,0,209.418861,2.027482,13099.455286,P
1,0,0,127.138861,1.1922,1613.15094,P
1,0,0,133.464861,1.247392,1628.799461,P
1,0,0,134.258861,1.305215,1675.549245,P
1,0,0,126.939861,1.290469,1732.9834,P
1,0,0,133.076861,1.263331,1767.44919,P
1,0,0,130.082861,1.297389,1680.512659,P
1,0,0,132.124861,1.391938,1653.62841,P
1,0,0,131.488861,1.241247,1614.934225,P
1,0,0,131.562861,1.263348,1544.092522,P
1,0,0,125.219861,1.24423,1602.840912,P
0,2,0,136.194861,1.452134,3334.110374,N
0,2,0,136.806861,1.444288,3560.92153,N
0,2,0,130.084861,1.576239,3396.473985,N
0,3,1,144.026861,1.495583,5471.78575,N
0,3,1,141.470861,1.515987,5416.707511,N
0,2,0,126.560861,1.428086,3068.573095,N
0,2,0,153.222861,1.603066,5853.127996,N
0,2,0,145.646861,1.403479,4165.472661,N
0,3,1,146.382861,1.381846,2991.356255,N
0,2,0,130.578861,1.233348,2197.130197,N
0,3,1,141.222861,1.404113,4416.103747,N
0,3,1,146.556861,1.532271,5572.131455,N
0,3,1,145.464861,1.366312,3670.647131,N
0,3,1,139.238861,1.444885,3672.318014,N
0,2,0,138.534861,1.29265,3228.25438,N
0,2,0,130.512861,1.321653,2872.47141,N
0,2,0,128.024861,1.433186,3643.662587,N
0,2,0,137.616861,1.328427,3366.231379,N
0,2,0,130.570861,1.248051,2838.268786,N
0,2,0,128.536861,1.547521,3634.413998,N
0,2,0,136.102861,1.339141,3045.174816,N
0,2,0,129.288861,1.257645,2621.69057,N
0,2,0,137.170861,1.281326,2916.292406,N
0,3,1,133.960861,1.314075,3187.257526,N
0,2,0,140.172861,1.409521,3187.611963,N
0,2,0,137.608861,1.351495,3213.777684,N
0,2,0,139.204861,1.430091,3566.38149,N
0,2,0,134.126861,1.293981,2989.56261,N
0,3,1,141.942861,1.428227,4125.995303,N
0,2,0,132.406861,1.281139,2728.172825,N
0,2,0,137.616861,1.339452,2890.290471,N
0,3,1,143.380861,1.376832,3845.846275,N
0,2,0,132.092861,1.282635,2831.14757,N
0,3,1,133.332861,1.483292,4427.264998,N
0,2,0,126.740861,1.237281,2610.744883,N
0,4,4,155.074861,1.512981,4419.579881,N
0,4,2,136.185861,1.474322,3943.681013,N
0,3,1,137.724861,1.495394,4753.669933,N
0,2,0,142.388861,1.403554,3740.200314,N
0,2,0,127.278861,1.247775,2630.604228,N
0,3,1,140.312861,1.488617,5247.761414,N
0,2,0,122.854861,1.437803,2607.936455,N
0,3,1,142.686861,1.517025,4909.856848,N
0,2,0,144.149861,1.287839,2574.880441,N
0,2,0,136.086861,1.340616,3582.058458,N
0,3,1,153.908861,1.355455,4170.923374,N
0,3,1,135.160861,1.295648,2982.128008,N
0,2,0,141.528861,1.421352,4289.40047,N
0,2,0,130.859861,1.243694,2297.983986,N
0,2,0,132.216861,1.293065,2762.74753,N
0,2,0,132.720861,1.28569,2755.062839,N
0,2,0,130.139861,1.168549,1942.058817,N
0,2,0,138.906861,1.407563,3432.480671,N
0,2,0,130.067861,1.472378,3410.535772,N
0,2,0,133.994861,1.301875,2844.444322,N
0,2,0,146.598861,1.48455,5011.066342,N
0,3,1,139.584861,1.314732,4147.567799,N
0,3,1,136.078861,1.475338,4657.636548,N
0,3,1,128.776861,1.338133,3486.892962,N
0,2,0,133.208861,1.288899,2416.307941,N
0,2,0,145.448861,1.353467,3350.713203,N
0,3,1,144.976861,1.384161,4001.242925,N
0,2,0,136.499861,1.291446,2286.769421,N
0,3,1,139.658861,1.384271,4088.052863,N
0,3,1,138.037861,1.286606,3489.973118,N
0,3,1,142.826861,1.444492,3980.193473,N
0,2,0,138.030861,1.32854,2935.398334,N
0,3,1,135.615861,1.346694,3253.932959,N
0,3,1,150.354861,1.765731,6730.247605,N
0,2,0,137.748861,1.278342,3213.045328,N
0,3,1,136.583861,1.351292,3403.983588,N
0,3,1,136.293861,1.316427,2755.237171,N
0,2,0,145.058861,1.28951,3239.715038,N
0,3,1,129.990861,1.23125,2034.494568,N
0,3,1,135.482861,1.311673,3767.82304,N
0,2,0,135.300861,1.29178,2295.147814,N
0,3,1,136.318861,1.432133,3775.714556,N
0,2,0,146.233861,1.375825,3239.991246,N
0,3,1,131.174861,1.304211,3276.901804,N
0,3,1,135.202861,1.353539,3880.477799,N
0,2,0,135.474861,1.30016,3061.816664,N
0,2,0,148.756861,1.675862,4918.628047,N
0,3,1,142.496861,1.60662,5119.361368,N
0,2,0,137.682861,1.496046,4395.574149,N
0,3,1,140.081861,1.484068,4474.208679,N
0,2,0,137.170861,1.291275,3030.359717,N
0,3,1,130.818861,1.318817,3223.869449,N
0,2,0,132.472861,1.384071,3238.837287,N
0,3,1,139.584861,1.298194,3055.208616,N
0,3,1,136.616861,1.404436,3771.59765,N
0,2,0,140.188861,1.363674,2842.992478,N
0,3,1,132.604861,1.266766,3294.542949,N
0,2,0,139.692861,1.521276,4354.333826,N
1,2,2,124.004861,1.381671,2819.710042,N
0,2,0,137.542861,1.277814,2668.63761,N
0,3,1,143.976861,1.524258,4804.798169,N
0,3,1,137.599861,1.368942,4152.130618,N
0,2,0,142.711861,1.341198,3359.635559,N
0,2,0,139.419861,1.361058,2385.083143,N
0,2,0,143.628861,1.423621,3550.768024,N
0,3,1,140.568861,1.337488,3745.487184,N
0,2,0,139.261861,1.241062,2250.276695,N
0,3,1,146.589861,1.411742,4624.49115,N
0,2,0,132.580861,1.334876,3552.805839,N
0,3,1,157.316861,1.751471,6954.974642,N
0,3,1,138.269861,1.344208,2626.221609,N
0,3,1,135.136861,1.42566,4134.958396,N
0,2,0,138.626861,1.591197,4811.324296,N
0,2,0,139.948861,1.353317,3198.097891,N
0,3,1,137.228861,1.427897,4220.563768,N
0,3,1,133.720861,1.332009,3389.70723,N
0,3,1,127.469861,1.446466,3753.589891,N
0,2,0,129.024861,1.410364,3052.154646,N
0,3,1,141.610861,1.358262,4615.541733,N
0,3,1,135.664861,1.303493,3242.31528,N
0,2,0,144.472861,1.351759,3132.833589,N
0,3,1,142.528861,1.408378,4734.158167,N
0,2,0,133.795861,1.322084,2805.48196,N
0,3,1,135.292861,1.349351,3449.626923,N
0,2,0,125.534861,1.449347,3027.626444,N
0,2,0,132.770861,1.286175,2900.261136,N
0,2,0,137.723861,1.281582,2761.859542,N
0,3,1,144.398861,1.525507,5269.595167,N
0,3,0,139.394861,1.379951,3790.135953,N
0,3,1,135.689861,1.332648,3541.002374,N
0,2,0,143.876861,1.557583,4703.269154,N
0,2,0,134.597861,1.325947,3491.201695,N
0,3,5,150.543861,1.601697,4951.456401,N
0,2,0,141.710861,1.454872,4056.328943,N
0,3,1,139.676861,1.547861,3766.469832,N
0,2,0,136.152861,1.49052,4092.140579,N
0,2,0,140.990861,1.221036,2197.882162,N
0,2,0,138.642861,1.407615,3198.815151,N
0,2,0,136.988861,1.34054,3296.954904,N
0,2,0,128.122861,1.384995,3126.28153,N
0,2,0,141.024861,1.317326,2880.77026,N
0,3,1,142.686861,1.359963,3636.169444,N
0,3,1,143.165861,1.386056,4104.3202,N
0,2,0,134.424861,1.374619,3432.422035,N
0,3,1,143.828861,1.459323,5085.762724,N
0,2,0,132.290861,1.307212,3196.295811,N
0,2,0,130.363861,1.282674,2429.448923,N
0,2,0,140.130861,1.350325,3655.555177,N
0,2,0,133.290861,1.325249,3081.266706,N
0,2,0,128.818861,1.478618,3001.151678,N
0,2,0,130.040861,1.292936,2827.824295,N
0,3,1,131.744861,1.312326,3355.984762,N
0,2,0,130.092861,1.415676,3100.755545,N
0,2,0,146.696861,1.416077,4380.491688,N
0,3,1,132.382861,1.289276,3256.693019,N
0,2,0,134.350861,1.28271,3345.685383,N
0,2,0,129.263861,1.261157,2454.235533,N
0,2,0,136.094861,1.288339,3050.003532,N
0,3,1,145.266861,1.460744,4527.256946,N
0,3,1,141.876861,1.491559,4718.591999,N
0,2,0,131.290861,1.252061,2972.996929,N
0,2,0,137.062861,1.337247,3381.278613,N
0,3,1,132.976861,1.283637,3294.15124,N
0,2,0,127.552861,1.281806,2914.535192,N
0,3,1,134.010861,1.342451,3413.02932,N
0,2,0,129.058861,1.391034,2890.509108,N
0,3,1,156.034861,1.526002,5673.81668,N
0,3,1,143.034861,1.351755,4163.442773,N
0,2,0,130.347861,1.236025,2389.435743,N
0,2,0,144.448861,1.353771,3793.768256,N
0,3,1,147.640861,1.684927,6336.329658,N
0,2,0,133.381861,1.290572,2397.648513,N
0,2,0,133.928861,1.257261,3290.017059,N
0,3,1,152.246861,1.536802,5779.456775,N
0,2,0,144.580861,1.346122,3621.026756,N
0,2,0,160.790861,1.728012,6309.708086,N
0,2,0,163.220861,1.700665,6735.687044,N
0,2,0,133.754861,1.288134,2821.708852,N
0,3,1,145.200861,1.497661,5041.668302,N
0,2,0,139.056861,1.361597,3739.706292,N
0,2,0,131.545861,1.280362,2864.290187,N
0,3,1,136.574861,1.35959,3654.52119,N
0,3,1,135.060861,1.303754,3247.020748,N
0,2,0,135.978861,1.217897,2378.94171,N
0,2,0,123.342861,1.438571,2738.415961,N
0,2,0,132.869861,1.272218,3383.751039,N
0,2,0,140.610861,1.333344,3467.170077,N
0,2,0,136.822861,1.273891,2779.175037,N
0,2,0,131.397861,1.243176,2260.193519,N
0,3,1,142.272861,1.383946,4014.584125,N
0,2,0,134.606861,1.316439,2984.782311,N
0,3,1,142.082861,1.31785,3822.730542,N
0,2,0,136.144861,1.462082,3576.912855,N
0,3,1,136.665861,1.334972,3090.644878,N
0,2,0,136.872861,1.3386,3119.817292,N
0,2,0,152.470861,1.531241,4676.592355,N
0,2,0,137.798861,1.401772,3648.335381,N
0,2,0,133.862861,1.285434,2644.125501,N
0,2,0,133.315861,1.264884,2606.864951,N
0,2,0,134.837861,1.260916,2511.185548,N
0,2,0,130.818861,1.329903,2834.456024,N
0,3,1,135.507861,1.441723,4255.362811,N
0,2,0,135.152861,1.404386,3247.438041,N
0,2,0,137.600861,1.497378,3810.383253,N
0,3,1,148.400861,1.456604,4637.840506,N
0,2,0,180.084861,2.065354,10383.516035,N
0,2,0,194.706861,2.077484,10844.623006,N
0,2,0,197.734861,2.16143,11864.419656,N
0,2,0,184.724861,1.746729,9651.529756,N
0,2,0,186.130861,1.939374,10791.496462,N
0,2,0,183.450861,1.924623,9915.45606,N
0,2,0,194.020861,2.055514,10945.464512,N
0,2,0,171.368861,1.938348,8498.500953,N
0,2,0,165.546861,1.697337,6474.977916,N
0,2,0,212.356861,2.405833,13238.901705,N
0,2,0,189.910861,1.961442,10494.54043,N
0,2,0,157.886861,1.756449,6514.907249,N
0,2,0,161.766861,1.728495,7201.995751,N
0,3,1,177.024861,1.870185,9013.051976,N
0,2,0,187.114861,1.92869,9843.096845,N
0,2,0,223.296861,2.55883,13018.090821,N
0,3,1,192.646861,2.01692,11262.432365,N
0,2,0,189.504861,2.145209,10719.733324,N
0,2,0,188.312861,2.106427,11225.111355,N
0,2,0,183.070861,2.094414,11134.715721,N
0,2,0,194.706861,2.025968,11045.379389,N
0,2,0,204.382861,2.123762,12497.722802,N
0,3,1,206.194861,2.065553,12718.16452,N
0,2,0,166.214861,1.922235,7927.742891,N
0,2,0,197.262861,2.08986,9520.673751,N
0,2,0,188.256861,1.998681,9546.505101,N
0,3,1,184.492861,2.024295,9561.246416,N
0,2,0,168.836861,1.912786,8950.947076,N
0,2,0,197.874861,2.053352,10906.43064,N
0,2,0,187.750861,2.058486,10846.700491,N
0,2,0,193.260861,2.026141,11076.601022,N
0,2,0,200.942861,2.111057,12115.815796,N
0,2,0,194.864861,1.999253,10878.2649,N
0,2,0,189.100861,2.095565,10524.65185,N
0,2,0,207.822861,2.172815,12274.344057,N
0,2,0,187.014861,1.952584,10192.868764,N
0,2,0,191.150861,1.978231,11158.094989,N
0,2,0,188.520861,1.943182,10355.376555,N
0,2,0,196.550861,1.954214,11507.50873,N
0,2,0,182.714861,1.994255,10369.663556,N
0,2,0,174.974861,2.063824,10287.065861,N
0,2,0,195.880861,2.039572,10007.79328,N
0,2,0,190.564861,2.123288,11295.040352,N
0,2,0,193.068861,1.957658,10291.735735,N
0,3,1,152.494861,1.713878,5908.136094,N
0,2,0,197.130861,1.967326,10926.199659,N
0,2,0,169.382861,1.925193,8596.957479,N
0,2,0,204.366861,2.113582,11473.956852,N
0,2,0,180.324861,1.898403,9638.135226,N
0,2,0,190.992861,1.985973,10628.615973,N
0,2,0,189.372861,1.886365,10142.291887,N
0,2,0,162.403861,1.616716,6738.528577,N
0,2,0,195.236861,2.127745,11077.545687,N
0,2,0,189.346861,2.169786,10841.254857,N
0,2,0,171.400861,2.004225,8726.454015,N
0,2,0,202.538861,2.360232,13014.443008,N
0,2,0,181.648861,2.107822,9578.79959,N
0,2,0,175.800861,1.841819,9071.296402,N
0,2,0,204.515861,2.113703,11909.113687,N
0,2,0,190.885861,1.993,10160.088215,N
0,2,0,195.020861,2.041775,10576.933088,N
0,2,0,183.384861,2.062686,10864.253642,N
0,3,0,185.286861,1.946579,9900.675466,N
0,2,0,144.630861,1.526887,4735.332786,N
0,2,0,175.692861,1.965263,9308.355267,N
0,2,0,164.262861,1.924068,8348.204419,N
0,2,0,187.900861,2.160357,10395.694761,N
1,1,1,153.478861,1.588361,5167.201292,N
0,2,0,178.330861,1.894641,9203.619536,N
0,2,0,176.272861,1.640298,8604.065581,N
0,2,0,194.690861,2.005442,10439.851479,N
0,2,0,193.052861,2.0823,10795.736538,N
0,2,0,200.768861,2.066672,11587.085794,N
0,2,0,200.612861,2.192889,12560.345177,N
0,2,0,206.318861,2.225389,12793.897095,N
0,2,0,163.849861,1.784349,7033.617718,N
0,2,0,204.474861,2.202282,13686.018707,N
0,2,0,198.568861,2.224649,11660.197663,N
0,2,0,198.716861,2.273411,11386.310532,N
0,2,0,182.838861,1.967819,9629.454458,N
0,2,0,198.188861,1.997991,11721.200167,N
0,2,0,190.944861,2.109499,9958.568754,N
0,2,0,192.110861,2.188854,11248.936007,N
0,2,0,161.616861,1.770618,6720.473842,N
0,3,1,187.254861,1.922448,9495.981358,N
0,3,1,197.592861,2.010033,11201.396538,N
0,2,0,185.451861,1.995942,10102.218858,N
0,2,0,187.338861,1.916974,9772.330884,N
0,2,0,206.400861,2.049603,12174.213562,N
0,2,0,185.320861,1.941558,11312.415865,N
0,2,0,194.152861,1.962321,11270.596774,N
0,2,0,187.610861,1.99465,9487.464661,N
0,2,0,177.844861,1.838054,8575.661498,N
0,2,0,189.098861,1.982507,10099.495776,N
0,2,0,201.330861,2.284605,11864.604927,N
0,3,1,177.041861,1.741948,6955.245778,N
0,2,0,177.174861,2.040429,9774.504211,N
0,3,1,176.346861,1.904893,8661.646275,N
0,2,0,172.072861,2.062303,9499.490563,N
0,2,0,193.812861,1.886418,10154.279974,N
0,2,0,190.256861,1.918026,10275.862944,N
0,2,0,200.058861,1.997797,11920.934127,N
0,2,0,178.214861,1.865824,9884.033255,N
0,2,0,176.709861,1.781455,8826.387131,N
0,2,0,188.926861,1.998729,10406.002131,N
0,2,0,200.455861,2.135772,12815.776719,N
0,2,0,184.320861,2.066654,10969.361836,N
0,2,0,206.590861,2.084024,12109.130588,N
0,2,0,171.764861,1.807028,7563.383152,N
0,2,0,181.392861,2.008597,9965.915743,N
0,2,0,205.912861,2.038452,12582.807804,N
0,2,0,185.676861,1.995461,11184.708343,N
0,2,0,175.800861,1.900389,8519.378288,N
0,2,0,192.870861,2.181557,11221.656933,N
0,2,0,190.150861,1.885902,11846.521116,N
0,2,0,193.002861,1.836388,10251.059662,N
0,2,0,162.865861,1.699286,7045.790825,N
0,2,0,187.776861,1.967289,10303.50152,N
0,2,0,156.092861,1.60893,5997.794663,N
0,2,0,202.926861,2.335056,11790.590911,N
0,2,0,176.776861,1.878131,8604.726175,N
0,2,0,205.002861,2.088129,12375.060858,N
1,1,1,159.722861,1.657448,5540.35815,N
0,2,0,189.678861,1.988588,10490.343668,N
0,2,0,192.498861,1.990842,10969.884586,N
0,2,0,169.020861,1.98494,10014.861858,N
0,2,0,197.866861,2.164499,11817.640146,N
0,2,0,194.566861,2.171268,12202.529749,N
0,2,0,190.190861,2.072752,11045.908342,N
0,2,0,203.166861,1.958895,11654.644098,N
0,2,0,200.198861,2.3172,11504.647461,N
0,2,0,180.754861,1.908253,9236.347017,N
0,2,0,162.386861,1.791254,7395.956163,N
0,2,0,184.782861,2.03364,9803.585155,N
0,2,0,200.850861,2.009487,11787.397273,N
0,2,0,180.052861,1.847286,9837.072335,N
0,2,0,180.266861,2.043928,10484.021251,N
0,2,0,199.660861,1.938728,12370.7252,N
0,2,0,163.709861,1.6462,6395.847904,N
0,3,1,190.000861,2.034562,10087.465598,N
0,2,0,199.552861,2.048706,11627.201229,N
0,2,0,191.530861,1.887956,10609.477747,N
0,2,0,189.818861,2.01956,9573.069189,N
0,3,1,192.200861,2.040554,10614.393048,N
0,2,0,208.716861,2.104126,12055.420322,N
0,2,0,188.678861,2.05935,11500.401738,N
0,2,0,172.194861,1.932221,8935.584052,N
0,2,0,184.426861,2.032818,9667.240189,N
0,2,0,200.570861,2.102779,11487.182576,N
0,2,0,188.098861,1.929836,10866.637576,N
0,3,1,203.770861,2.025999,12442.14279,N
0,2,0,199.586861,2.196566,12487.673053,N
0,2,0,203.804861,2.040325,12260.313863,N
0,2,0,182.764861,1.877596,9377.221221,N
0,2,0,194.012861,1.899707,10621.097542,N
0,2,0,180.572861,1.990338,9018.823006,N
0,2,0,182.722861,1.913021,9699.206349,N
0,2,0,183.806861,1.940473,10132.94264,N
0,2,0,221.212861,2.218795,14512.738685,N
0,2,0,184.542861,1.926774,10506.459905,N
0,2,0,200.668861,2.122952,11510.314943,N
0,2,0,201.934861,2.351188,12998.871847,N
0,2,0,185.526861,2.049642,10041.996664,N
0,2,0,188.860861,2.091292,10516.40694,N
0,2,0,192.680861,1.984737,11143.196259,N
0,2,0,177.470861,1.904509,8874.523511,N
0,2,0,183.236861,1.828667,9885.668003,N
0,2,0,176.974861,1.842717,9360.566431,N
0,2,0,203.854861,2.17821,12826.225572,N
0,2,0,169.936861,1.787797,8925.453146,N
0,3,1,204.696861,2.012826,11580.750505,N
0,2,0,200.520861,2.031907,12182.097504,N
0,2,0,190.298861,1.985512,11316.466084,N
0,2,0,164.496861,1.755149,9084.261466,N
0,2,0,204.698861,2.079617,12819.327662,N
0,2,0,181.432861,1.920799,9503.117046,N
0,2,0,191.968861,2.090569,11575.880161,N
0,2,0,205.118861,2.026851,11509.95509,N
0,2,0,188.296861,1.825141,8658.349388,N
0,2,0,201.100861,2.003188,11771.377278,N
0,2,0,199.710861,1.927826,11420.755384,N
0,2,0,186.048861,2.018593,11075.259967,N
0,2,0,198.626861,2.104311,11288.750651,N
0,2,0,177.420861,1.919311,9347.623625,N
0,3,1,189.372861,2.15942,10842.553855,N
0,2,0,193.102861,2.027287,10775.343598,N
0,3,1,178.248861,1.713643,8632.919926,N
0,2,0,195.542861,1.960083,11127.522887,N
0,2,0,191.250861,2.098446,10695.619299,N
0,2,0,184.964861,1.772045,9752.960413,N
0,2,0,162.179861,1.838852,8592.084147,N
0,2,0,175.080861,1.852247,8488.775971,N
0,2,0,191.522861,1.938229,10846.810857,N
0,2,0,180.192861,1.81541,9298.405847,N
0,2,0,206.838861,2.024075,12424.144391,N
0,2,0,197.666861,2.178754,11745.041372,N
0,3,1,184.698861,1.94989,9398.358074,N
0,2,0,143.852861,1.588024,4790.233746,N
0,2,0,193.068861,1.976908,10611.242549,N
0,2,0,178.166861,2.060457,10367.975021,N
0,3,1,170.028861,1.746755,8077.610813,N
0,3,1,209.062861,2.29042,12900.695228,N
0,2,0,137.742861,1.525253,3801.706956,N
0,3,1,193.944861,2.200793,11751.944647,N
0,3,1,170.664861,1.768602,7245.337192,N
0,4,2,211.362861,2.202276,15845.420424,N
0,4,2,188.718861,1.974437,10852.680114,N
0,3,1,174.998861,1.973073,9505.015895,N
0,4,2,183.294861,2.005093,10691.516287,N
0,4,2,192.540861,2.076777,11453.769685,N
0,4,2,163.974861,1.744595,7053.135525,N
0,3,1,200.734861,2.173116,12567.869557,N
0,3,1,193.010861,1.910728,11054.802955,N
0,3,1,176.380861,2.03809,9590.974495,N
0,3,1,165.082861,1.643385,8263.715861,N
0,4,2,184.028861,1.764095,9560.24594,N
0,2,0,181.970861,1.986135,8527.398384,N
0,4,2,197.964861,2.057072,12499.417484,N
0,3,1,187.362861,2.076305,11248.090349,N
0,2,0,172.434861,1.950406,8179.285889,N
0,3,1,184.236861,1.852611,9926.684989,N
0,3,1,189.496861,1.901882,10333.620816,N
0,3,1,178.224861,1.940895,9466.056547,N
0,2,0,155.886861,1.752001,6437.857934,N
0,4,2,202.670861,2.005123,11249.856365,N
0,3,1,203.091861,2.221656,13438.731435,N
0,3,1,165.496861,1.887162,8692.21883,N
0,3,1,178.868861,1.848637,8202.668226,N
0,3,1,192.845861,2.04019,11367.298734,N
0,3,1,172.378861,1.911732,8420.247278,N
0,3,1,174.866861,1.876565,8755.626201,N
0,2,0,183.144861,2.034276,9036.091978,N
0,2,0,192.630861,1.879394,11076.026497,N
0,4,2,175.478861,1.82714,9665.159322,N
0,3,1,192.208861,1.940184,11319.729496,N
0,3,1,170.358861,1.975145,9086.685067,N
0,3,1,175.701861,1.874705,7955.096455,N
0,3,1,176.454861,1.816388,9791.829075,N
0,4,2,179.704861,1.869869,9534.49311,N
0,4,2,187.346861,2.006142,11269.239772,N
0,3,1,158.078861,1.753141,6033.595279,N
0,2,0,157.556861,1.609052,5877.716905,N
0,4,2,152.760861,1.725102,6333.395227,N
0,2,0,152.636861,1.757838,6438.94189,N
0,3,1,183.152861,1.993077,9901.108292,N
0,4,2,203.142861,2.027324,13242.815125,N
0,4,2,183.310861,1.932532,9301.735274,N
0,4,2,163.454861,1.716028,7601.00931,N
0,3,1,156.019861,1.941303,8434.741032,N
0,2,0,165.462861,1.608568,7739.406955,N
0,3,1,203.464861,2.246094,12199.940871,N
0,3,1,202.786861,2.069609,12568.45198,N
0,3,1,210.370861,2.231881,15242.065184,N
0,3,1,153.248861,1.790433,6610.251123,N
0,3,1,179.026861,1.84903,8527.506976,N
0,2,0,159.888861,1.682088,7059.039253,N
0,3,1,153.422861,1.630011,5676.856667,N
0,3,1,203.588861,1.905927,13138.417138,N
0,3,1,178.712861,1.80511,9524.782811,N
0,4,2,163.412861,1.723964,7456.090335,N
0,3,1,207.674861,2.301397,14634.753374,N
0,3,1,163.081861,1.730179,6343.282297,N
0,3,1,209.576861,2.136112,15203.105245,N
0,3,1,178.456861,1.874825,9784.332319,N
0,3,1,188.256861,2.050145,10306.117309,N
0,4,2,158.508861,1.708454,7317.155703,N
0,3,1,164.918861,1.726621,8540.315839,N
0,3,1,190.744861,2.042529,10965.806855,N
0,4,2,182.508861,1.965699,9698.376114,N
0,3,1,175.726861,1.855172,8390.676164,N
0,4,2,184.624861,1.751698,9678.079131,N
0,3,1,192.010861,2.002006,11134.455481,N
0,3,1,176.298861,1.847037,9528.447663,N
0,3,1,174.262861,1.906291,9209.637083,N
0,3,1,172.932861,2.003297,10281.3982,N
0,3,1,183.648861,1.989612,9150.224116,N
0,4,2,191.398861,2.079718,11453.373893,N
0,2,0,171.566861,1.749838,9298.727567,N
0,3,1,175.362861,1.829675,9222.736469,N
0,3,1,157.672861,1.772074,7814.674346,N
0,4,2,193.846861,1.974496,10159.923818,N
0,3,0,143.142861,1.546225,5338.505378,N
0,3,1,200.412861,2.247081,13358.621877,N
0,4,2,194.640861,2.130812,12182.301677,N
0,3,1,206.640861,2.156019,12907.011054,N
0,4,2,174.452861,1.775794,8610.957772,N
0,3,1,193.590861,1.92002,11953.478108,N
0,2,0,168.624861,1.915023,8822.056707,N
0,2,0,170.614861,1.958364,8276.339409,N
0,3,1,182.516861,1.897838,11437.436131,N
0,3,1,195.392861,2.030346,11234.781059,N
0,3,1,208.394861,2.143745,13418.205456,N
0,3,1,174.304861,1.717108,9232.873642,N
0,4,2,172.220861,1.82071,8677.42931,N
0,3,1,171.268861,1.824797,7661.911104,N
0,2,0,162.940861,1.593542,6285.724599,N
0,3,1,190.314861,2.023399,10211.824353,N
0,3,1,183.442861,1.982998,10757.710501,N
0,2,0,182.152861,1.94912,10137.65591,N
0,3,1,179.084861,1.799662,9240.950925,N
0,3,1,183.880861,1.949463,10131.451469,N
0,2,0,169.120861,1.784182,7032.551853,N
0,3,1,146.888861,1.81363,6882.786349,N
0,2,0,154.504861,1.627712,6124.557304,N
0,2,0,189.454861,1.972663,10830.31208,N
0,2,0,172.012861,1.778974,8697.084662,N
0,3,1,174.792861,2.003007,10477.241338,N
0,2,0,154.082861,1.794033,6626.833373,N
0,2,0,179.514861,1.926444,9187.86672,N
0,3,1,169.746861,1.852715,8150.843615,N
0,3,1,188.164861,2.050672,10296.852115,N
0,3,1,179.390861,1.872984,9118.29772,N
0,2,0,151.386861,1.631691,5850.605589,N
0,4,2,170.714861,1.934063,9992.607526,N
0,3,1,179.200861,1.906591,8873.645224,N
0,3,1,186.932861,2.084446,10726.28569,N
0,3,1,188.834861,1.946419,10856.932099,N
0,2,0,181.804861,1.928816,9139.958631,N
0,2,0,169.589861,1.773084,7537.661656,N
0,3,1,210.138861,2.164566,12664.493272,N
0,3,1,174.304861,1.92419,9046.521241,N
0,3,1,161.022861,1.680057,7692.524861,N
0,3,1,190.208861,1.991395,11393.367271,N
0,3,1,174.056861,1.857153,8846.744263,N
0,3,1,184.814861,1.945672,10767.472032,N
0,3,1,206.094861,2.184971,13448.248867,N
0,3,1,198.998861,2.148005,12700.228357,N
0,2,0,166.322861,1.918653,8118.65868,N
0,3,1,175.304861,1.881265,7975.417421,N
0,2,0,172.252861,1.822329,8623.000595,N
0,3,1,185.874861,1.894529,10458.028473,N
0,2,0,165.008861,1.861926,8109.946227,N
0,3,1,159.798861,1.786072,7304.182941,N
0,3,1,172.550861,1.846375,9906.514028,N
0,3,1,202.397861,2.199232,14817.290386,N
0,3,1,198.220861,2.051398,13164.427582,N
0,3,1,184.012861,1.997981,10937.027875,N
0,3,1,189.140861,1.978852,11244.678826,N
0,3,1,166.704861,1.830507,8052.601609,N
0,2,0,176.454861,1.78574,10076.938677,N
0,3,1,187.048861,2.021979,11459.15406,N
0,3,1,187.288861,1.964888,10659.025006,N
0,3,1,172.476861,1.933856,10063.712728,N
0,2,0,145.912861,1.655749,5204.765756,N
0,3,1,206.714861,2.065559,12370.023331,N
0,4,2,203.794861,2.201386,13935.999485,N
0,3,1,160.766861,1.798304,8207.871306,N
0,4,2,182.714861,1.969353,10743.908863,N
0,2,0,180.042861,1.978465,8943.06283,N
0,3,1,162.693861,1.681466,6887.740974,N
0,3,1,185.650861,1.993735,10466.95006,N
0,3,1,166.108861,1.871346,6979.793082,N
0,3,1,167.886861,1.835163,8525.265406,N
0,3,1,165.662861,1.869305,8728.791999,N
0,3,1,198.526861,1.945078,11782.603711,N
0,3,1,183.674861,1.950035,10405.731533,N
0,3,1,180.158861,1.943223,9071.040054,N
0,3,1,180.052861,2.009299,9421.332398,N
0,3,1,202.306861,2.109357,13632.604537,N
0,4,2,201.752861,2.00469,12247.228131,N
0,4,2,169.598861,1.727509,8910.369551,N
0,4,1,177.628861,2.045658,9595.303063,N
0,4,2,175.974861,1.891194,9061.175027,N
0,4,2,184.452861,2.084666,10399.715663,N
0,4,2,180.928861,1.742446,10463.681107,N
0,4,2,172.468861,1.924666,10098.776836,N
0,4,2,185.990861,1.967668,9959.278394,N
0,4,2,162.776861,1.780643,6368.285117,N
0,3,1,178.522861,1.955835,8373.783023,N
0,4,2,177.992861,1.857116,9242.456934,N
0,2,0,176.040861,1.770195,7356.225933,N
0,2,0,172.748861,1.77001,8960.334458,N
0,2,0,161.716861,1.595048,6200.322665,N
0,3,1,153.678861,1.739656,6301.463176,N
0,4,2,211.362861,2.202276,15845.420424,N
0,3,1,182.144861,1.932423,10334.978467,N
0,3,1,217.854861,2.374242,16356.147439,N
0,3,1,194.888861,2.195575,10933.300758,N
0,2,0,148.988861,1.720132,6202.221602,N
0,3,1,171.078861,1.89585,8202.033797,N
0,4,2,180.580861,1.966552,9788.188629,N
0,2,0,167.605861,1.941587,8221.398903,N
0,3,1,195.112861,2.026062,12050.609485,N
0,2,0,152.634861,1.649967,5666.238254,N
0,3,1,191.522861,2.133962,10939.174941,N
0,4,2,187.032861,1.884321,10698.328634,N
0,3,1,190.348861,2.190323,10871.545381,N
0,4,2,194.550861,2.142774,12453.85598,N
0,3,1,158.640861,1.702437,6889.133154,N
0,3,1,186.188861,2.071301,10971.967731,N
0,3,1,181.896861,1.896552,9601.784946,N
0,2,0,186.080861,2.071711,10529.158964,N
0,3,1,193.978861,1.973269,10038.948656,N
0,4,2,175.436861,1.973289,8248.421383,N
0,3,1,185.171861,2.016549,10421.047334,N
0,4,2,171.202861,1.965113,9201.726772,N
0,3,1,155.166861,1.767925,7200.174744,N
0,3,1,169.888861,1.787292,8188.013445,N
0,3,1,180.828861,1.860175,9153.844662,N
0,3,1,170.094861,1.783269,8538.213152,N
0,3,1,161.732861,1.750888,8265.003574,N
0,3,1,155.952861,1.78859,7817.275996,N
0,3,1,175.427861,1.94856,9886.84838,N
0,4,2,154.356861,1.745926,7682.991676,N
0,3,1,159.624861,1.876223,7075.751414,N
0,2,0,145.937861,1.715346,5492.611957,N
0,3,1,170.136861,1.94325,8860.475273,N
0,3,1,167.298861,1.821909,9237.2203,N
0,3,1,154.536861,1.680427,7140.100545,N
0,3,1,153.330861,1.724643,7442.692123,N
0,4,1,154.992861,1.773189,7537.863465,N
0,3,1,153.528861,1.766639,7098.600319,N
0,4,2,155.628861,1.7983,7490.574784,N
0,3,1,169.712861,1.862126,9081.41122,N
0,4,2,160.054861,1.868347,9065.882403,N
0,3,1,170.250861,1.820454,9238.215049,N
0,3,1,146.350861,1.692512,7045.285705,N
0,4,2,139.370861,1.525749,4872.028407,N
0,3,1,152.866861,1.795232,6631.015593,N
1,3,3,146.863861,1.549377,4952.085367,N
0,2,0,162.626861,1.722917,7025.180583,N
0,3,1,166.156861,1.820357,8595.742624,N
0,2,0,145.812861,1.629751,5873.688014,N
0,6,2,118.124861,1.577862,4756.590846,N
0,3,1,162.162861,1.838659,9115.767824,N
0,3,1,163.336861,1.856474,8800.601211,N
0,3,1,174.346861,1.827847,9602.322663,N
0,2,0,156.994861,1.713532,6757.236552,N
0,3,1,162.494861,1.726395,8058.97658,N
0,3,1,156.778861,1.69228,7357.324082,N
0,3,1,152.164861,1.777768,8090.030824,N
0,3,1,160.600861,1.85731,7466.42023,N
0,3,1,149.914861,1.690256,6906.8691,N
0,2,0,152.264861,1.693906,5996.528818,N
0,2,0,152.122861,1.771212,6661.762288,N
0,2,0,157.746861,1.719168,7312.454561,N
0,2,0,168.200861,1.807647,8384.333374,N
0,3,1,138.096861,1.530352,5602.350191,N
0,3,1,164.122861,1.725432,8533.381085,N
0,4,2,165.058861,1.893024,6946.706574,N
0,3,1,158.912861,1.740994,7359.527506,N
0,4,2,161.816861,1.77281,8095.260668,N
0,3,1,156.902861,1.753704,7847.201448,N
0,3,1,154.786861,1.77229,6892.643238,N
0,3,1,151.882861,1.698929,6699.969838,N
0,3,1,157.176861,1.759531,7474.798022,N
0,3,1,162.345861,1.740938,8835.079006,N
0,3,1,173.592861,1.836505,8935.831165,N
0,2,0,158.416861,1.747461,7458.459002,N
0,2,0,157.250861,1.660118,6977.897734,N
0,3,1,155.248861,1.750396,6838.153574,N
0,2,0,146.268861,1.594078,5163.62161,N
0,3,1,162.724861,1.827403,9359.882447,N
0,3,1,163.684861,1.75403,7703.2111,N
0,2,0,155.192861,1.748369,6225.599895,N
0,3,1,157.166861,1.770607,6909.184114,N
0,3,1,141.148861,1.567807,6003.005261,N
0,2,0,152.654861,1.723905,5971.706517,N
0,3,1,149.740861,1.711696,6359.740555,N
0,3,1,154.934861,1.688522,7329.973134,N
0,3,1,159.226861,1.858682,8155.175753,N
0,4,2,168.126861,1.883595,9468.033592,N
0,2,0,154.918861,1.776731,6394.658383,N
0,2,0,155.786861,1.652784,6634.185623,N
0,3,1,162.476861,1.83189,7243.715822,N
0,2,0,149.120861,1.633717,5774.548736,N
0,3,1,167.612861,1.961618,8222.614156,N
0,5,1,99.508861,1.549958,3579.871402,N
0,3,1,167.612861,1.870475,9006.576856,N
0,2,0,162.568861,1.749662,7734.9652,N
0,3,1,165.602861,1.908752,9296.397125,N
0,3,1,161.344861,1.720288,7030.037441,N
0,4,2,156.018861,1.670677,7963.756281,N
0,3,1,171.252861,1.903663,8865.651284,N
0,2,0,133.788861,1.3302,3193.355246,N
0,3,1,172.466861,1.737572,8243.743408,N
0,3,1,152.188861,1.757077,7573.708287,N
0,4,2,160.162861,1.792958,8453.772177,N
0,3,1,162.162861,1.703644,8031.623245,N
0,3,1,165.678861,1.749094,6871.440367,N
0,2,0,153.958861,1.687993,6349.397568,N
0,2,0,144.084861,1.659349,5879.521342,N
0,4,2,167.852861,1.768334,8463.835796,N
0,3,0,147.060861,1.407286,4731.513333,N
0,3,1,156.564861,1.593708,7486.876656,N
0,3,1,154.702861,1.684737,7370.121208,N
0,3,1,159.458861,1.696548,7908.003397,N
0,3,1,158.176861,1.767943,8837.690048,N
0,3,1,158.706861,1.67902,8574.682952,N
0,3,1,152.420861,1.620515,6407.950926,N
0,4,2,168.406861,1.90179,9563.352099,N
0,3,1,147.888861,1.602196,6286.78863,N
0,2,0,155.720861,1.75292,6811.658079,N
0,4,2,155.960861,1.772639,7675.373955,N
0,2,0,163.296861,1.880604,7781.640151,N
0,3,1,164.288861,1.734419,8314.07354,N
0,2,0,152.958861,1.754252,7027.38511,N
0,3,1,162.684861,1.812647,8306.160447,N
0,4,2,168.414861,1.86489,9126.645095,N
0,4,2,169.606861,1.986664,9267.358036,N
0,2,0,152.604861,1.82733,7040.541791,N
0,3,1,168.894861,1.901217,9983.232343,N
0,3,1,179.240861,1.959273,10298.700771,N
0,3,1,165.172861,1.934727,9146.979155,N
0,2,0,136.392861,1.368039,3387.761631,N
0,2,0,157.226861,1.816765,7665.670985,N
0,3,1,177.908861,1.962473,9006.607064,N
0,3,1,152.238861,1.67293,6403.842055,N
0,3,1,177.371861,1.952078,10193.536265,N
0,3,1,165.892861,1.74283,8894.771329,N
0,3,1,153.950861,1.768555,7029.150846,N
0,3,1,158.128861,1.809066,7696.023576,N
0,3,1,152.776861,1.693032,7281.139939,N
0,3,1,152.006861,1.722116,7239.598485,N
0,3,1,164.892861,1.80924,7835.670501,N
0,3,1,158.102861,1.782574,6902.26457,N
0,3,1,152.246861,1.737492,7674.506116,N
0,3,1,152.950861,1.641376,5971.371266,N
0,3,1,153.602861,1.768963,7176.366224,N
0,3,1,166.016861,1.788073,8751.433836,N
0,3,1,152.850861,1.787317,7950.140298,N
0,2,0,155.704861,1.737588,6036.654281,N
0,3,1,163.014861,1.893199,8200.816662,N
0,3,1,157.052861,1.711605,6720.015256,N
0,3,1,152.808861,1.707945,6332.259288,N
0,2,0,163.222861,1.900452,7578.850897,N
0,2,0,144.902861,1.553885,5890.613832,N
0,2,0,153.768861,1.541349,6642.731584,N
0,4,1,157.672861,1.766475,6775.265889,N
0,2,0,145.448861,1.550802,5775.93994,N
0,4,2,145.606861,1.699693,6961.110328,N
0,3,1,179.804861,1.878593,9914.706216,N
0,2,0,158.648861,1.71372,7364.014909,N
0,3,1,162.370861,1.774868,8280.354469,N
0,2,0,149.128861,1.672072,6858.852431,N
0,3,1,168.530861,1.645248,7900.774068,N
0,2,0,162.394861,1.750339,7507.13,N
0,3,1,167.438861,1.83302,7691.583587,N
0,3,1,155.934861,1.680711,7086.939401,N
0,3,1,131.878861,1.484535,3621.131953,N
0,3,1,149.675861,1.732422,5827.969893,N
0,3,1,159.880861,1.691441,7813.04669,N
0,4,2,155.372861,1.695829,7497.890571,N
0,3,1,163.620861,1.738358,8313.907844,N
0,3,1,145.481861,1.657577,5967.158091,N
0,3,1,151.196861,1.675523,6378.675113,N
0,3,1,163.064861,1.737387,8403.623968,N
0,3,1,157.548861,1.683426,6946.219021,N
0,3,1,155.794861,1.694106,6382.724165,N
0,4,2,158.094861,1.679648,7023.251119,N
0,3,1,154.976861,1.824761,6841.245828,N
0,2,0,153.280861,1.706536,7560.467361,N
0,2,0,164.404861,1.801163,7544.119891,N
0,2,0,161.262861,1.74967,6405.390424,N
0,3,1,157.026861,1.667119,7316.139782,N
0,2,0,148.078861,1.622301,6558.876744,N
0,3,1,164.238861,1.825694,8714.931681,N
0,3,1,154.150861,1.807181,7312.855404,N
0,2,0,161.186861,1.724774,6760.364608,N
0,3,1,179.902861,1.824159,9869.987315,N
0,2,0,150.660861,1.764743,6041.304945,N
0,3,1,174.650861,1.841235,9831.743035,N
0,3,1,155.430861,1.640904,7442.470438,N
0,3,1,159.756861,1.707018,7929.071697,N
0,3,1,152.370861,1.678205,6924.095828,N
0,3,1,165.172861,1.796082,8123.28509,N
0,3,1,156.604861,1.794585,7836.867484,N
0,3,1,148.690861,1.709547,6028.281501,N
0,3,1,157.664861,1.698118,7705.120997,N
0,3,1,150.088861,1.722761,6256.096894,N
0,3,1,168.960861,1.833192,9456.09772,N
0,2,0,146.400861,1.58842,5818.681688,N
0,2,0,168.770861,1.781736,8563.050545,N
0,2,0,153.528861,1.688388,5951.875847,N
0,6,2,114.718861,1.460458,4695.095258,N
0,3,1,164.288861,1.822011,7826.249356,N
0,3,1,159.152861,1.807453,9255.027412,N
0,4,2,154.438861,1.769764,8250.638915,N
0,3,1,161.204861,1.798965,6392.075713,N
0,4,2,164.214861,1.824012,7819.851763,N
0,3,1,176.394861,1.883446,9628.850209,N
0,3,1,171.789861,1.932268,8982.256415,N
0,2,0,148.128861,1.627766,6230.010932,N
0,4,2,175.346861,1.958316,9890.350184,N
0,3,1,168.456861,1.797402,8899.883121,N
0,3,1,176.668861,2.019512,8371.920576,N
0,3,1,174.278861,1.984064,9116.313954,N
0,2,0,150.906861,1.735025,6092.586056,N
0,2,0,159.044861,1.708009,6636.697544,N
0,2,0,160.724861,1.809249,6880.07859,N
0,3,1,155.952861,1.648726,7043.909731,N
0,3,1,157.176861,1.709134,5932.052902,N
0,3,1,143.604861,1.574473,5483.127442,N
0,3,1,146.044861,1.66535,6194.822697,N
0,3,1,153.056861,1.626123,6476.269171,N
0,2,0,151.899861,1.711271,5926.192985,N
0,2,0,176.412861,1.895901,8599.266653,N
0,3,1,140.312861,1.522366,5668.756007,N
0,3,1,167.802861,1.858113,8587.880461,N
0,3,1,161.566861,1.823087,8481.510965,N
0,2,0,209.690861,2.099251,14252.117936,N
0,3,1,164.552861,1.668515,6735.737738,N
0,2,0,209.798861,2.055516,13672.51993,N
0,3,1,217.622861,2.084923,15740.519374,N
0,2,0,180.679861,2.068762,9746.836405,N
0,3,1,201.734861,2.009504,13699.032164,N
0,2,0,186.808861,1.945112,12189.995166,N
0,2,0,196.046861,1.989139,12145.220115,N
0,2,0,179.448861,1.857126,11172.939007,N
0,3,1,216.761861,2.087538,14591.280728,N
0,2,0,186.188861,2.119652,11926.498601,N
0,3,1,191.770861,1.882295,11819.865416,N
0,2,0,187.378861,2.087789,10873.179026,N
0,3,1,207.970861,2.050008,13458.901259,N
0,3,1,206.010861,2.145049,13672.784803,N
0,2,0,190.430861,1.852398,11344.820384,N
0,2,0,202.926861,1.965788,13519.38882,N
0,3,1,224.403861,2.272451,16731.348249,N
0,3,1,221.409861,2.255248,16320.754401,N
0,2,0,195.185861,2.015923,12302.188377,N
0,2,0,180.092861,2.037025,9605.468984,N
0,3,1,201.082861,2.078222,13518.536656,N
0,3,1,201.736861,2.123822,13774.170852,N
0,2,0,194.822861,1.932238,11839.829899,N
0,2,0,184.914861,1.93597,11989.411591,N
0,3,1,189.934861,1.856424,11787.076547,N
0,2,0,190.354861,1.990185,10787.275536,N
0,3,1,169.855861,1.952888,9872.10531,N
0,2,0,188.785861,1.836397,12341.959659,N
0,2,0,179.488861,1.773592,10886.358367,N
0,2,0,178.926861,2.074482,9820.566203,N
0,3,1,210.468861,2.025752,15197.649236,N
0,2,0,166.490861,1.633175,6421.121349,N
0,2,0,197.508861,2.02104,12127.813835,N
0,3,1,192.232861,1.958056,12567.194357,N
0,3,1,186.666861,1.915144,11283.444567,N
0,3,1,218.962861,2.305172,16695.467792,N
0,2,0,199.998861,1.970224,11900.516244,N
0,3,1,196.194861,2.066917,12622.763461,N
0,2,0,201.503861,2.035313,12698.626041,N
0,3,1,215.314861,2.161004,15196.92999,N
0,3,1,209.550861,2.248772,14877.190036,N
0,2,0,176.858861,1.880336,9021.524961,N
0,2,0,213.396861,2.177892,14333.800857,N
0,2,0,186.278861,1.763405,10085.426426,N
0,3,1,211.047861,2.188569,15227.636589,N
0,2,0,191.902861,2.238198,11197.459489,N
0,3,1,194.474861,2.001882,12748.978611,N
0,2,0,189.950861,2.153729,11182.276632,N
0,3,1,189.801861,1.763316,11438.778214,N
0,2,0,192.556861,1.921678,11324.820932,N
0,3,1,183.830861,1.85919,10150.083813,N
0,2,0,188.114861,1.833142,11088.037139,N
0,2,0,174.220861,2.028505,9504.139244,N
0,3,1,192.084861,2.133577,11188.267438,N
0,3,1,215.232861,2.107486,14951.708556,N
0,2,0,175.874861,1.99413,9390.633908,N
0,3,1,183.814861,1.831001,11323.383923,N
0,2,0,216.886861,2.153731,15639.270447,N
0,3,1,178.727861,1.936299,9894.857728,N
0,2,0,191.174861,2.068099,11354.159906,N
0,2,0,180.225861,1.946794,11082.962327,N
0,2,0,157.474861,1.854173,8127.989723,N
0,2,0,178.810861,2.050743,9694.059784,N
0,2,0,203.480861,1.969993,13239.52595,N
0,3,1,212.064861,1.976588,14630.500745,N
0,3,1,193.664861,1.904347,13225.580607,N
0,3,1,205.440861,2.000787,14158.119163,N
0,3,1,198.510861,2.008949,12215.266435,N
0,3,1,187.784861,1.855568,12254.040031,N
0,3,1,210.660861,2.187514,15847.073122,N
0,3,1,205.332861,2.136534,14118.850411,N
0,3,1,179.636861,1.817942,10675.409512,N
0,2,0,186.468861,2.014231,10513.021716,N
0,3,1,191.142861,2.039457,13029.405324,N
0,3,1,206.920861,2.388978,13600.93712,N
0,3,1,190.810861,2.159993,12616.408938,N
0,2,0,195.020861,1.940207,12147.484135,N
0,2,0,189.470861,2.162305,10536.854736,N
0,3,1,190.472861,1.935089,11436.202316,N
0,2,0,204.034861,1.980027,13630.70529,N
0,2,0,184.360861,1.914413,9131.487764,N
0,3,1,219.392861,2.214583,14739.107796,N
0,3,1,212.204861,2.182938,15406.875378,N
0,2,0,191.670861,2.08422,10765.335704,N
0,2,0,194.508861,1.999572,11990.3379,N
0,2,0,193.606861,2.09595,13252.184397,N
0,2,0,152.505861,1.667034,6263.505386,N
0,3,1,192.282861,1.983284,12149.882392,N
0,2,0,177.718861,1.824547,9479.155257,N
0,3,1,185.608861,1.835192,11030.049517,N
0,3,1,206.366861,1.994414,13477.732887,N
0,3,1,196.401861,2.019032,12940.920329,N
0,3,1,169.829861,1.713191,9155.175602,N
0,3,1,208.069861,2.102982,14814.883338,N
0,3,1,199.395861,1.943073,13363.326997,N
0,3,1,210.518861,2.076392,15091.805526,N
0,3,1,195.979861,2.276043,12642.133381,N
0,2,0,197.062861,1.878226,11408.922963,N
0,3,1,197.832861,2.009862,12181.286853,N
0,2,0,173.790861,2.001458,9241.17846,N
0,2,0,170.019861,1.685203,8105.99096,N
0,3,1,200.628861,2.00853,13305.85371,N
0,3,1,198.908861,2.011682,13538.297111,N
0,2,0,192.688861,1.893599,11999.51754,N
0,3,1,200.652861,1.981506,13896.459506,N
0,3,1,205.540861,2.122872,14013.704093,N
0,2,0,201.206861,2.119719,12258.619978,N
0,3,1,173.682861,1.663958,8841.968616,N
0,2,0,197.212861,2.104223,12509.460196,N
0,3,1,186.038861,1.809676,10115.298724,N
0,3,1,190.108861,1.95694,12037.737847,N
0,3,1,227.068861,2.305388,17080.824219,N
0,2,0,205.324861,2.06861,12950.392482,N
0,3,1,217.290861,2.131492,17242.285328,N
0,2,0,211.320861,2.09846,13706.803401,N
0,2,0,193.268861,2.019264,13516.477816,N
0,3,1,214.736861,2.124498,15319.350652,N
0,3,1,201.016861,2.10455,13094.210522,N
0,3,1,226.462861,2.321903,17572.199943,N
0,2,0,159.633861,1.781434,6340.380787,N
0,3,1,201.934861,1.940228,12500.566867,N
0,3,1,211.800861,2.098033,13733.636847,N
0,3,1,189.802861,1.914672,12044.224612,N
0,3,1,198.600861,2.011154,13512.77788,N
0,3,1,211.254861,2.077313,13534.033707,N
0,3,1,204.416861,2.033685,14748.108141,N
0,3,1,222.618861,2.251476,14513.159302,N
0,3,1,206.954861,2.066661,13778.037704,N
0,3,1,175.734861,1.902471,9847.824736,N
0,2,0,178.538861,1.864088,10124.72744,N
0,3,1,213.644861,2.193381,15399.360539,N
0,3,1,203.348861,2.009361,13495.202528,N
0,3,1,199.966861,2.039494,13436.646565,N
0,3,1,202.538861,2.11322,14753.543904,N
0,3,1,193.169861,1.919406,13072.870192,N
0,3,1,199.388861,2.22508,14037.38861,N
0,3,1,214.884861,2.148545,14945.871904,N
0,3,1,195.466861,1.945855,12046.504968,N
0,2,0,180.142861,1.685506,10686.689399,N
0,2,0,177.330861,1.838923,9223.048676,N
0,2,0,185.412861,1.939848,11749.992101,N
0,2,0,187.386861,2.119527,10299.711876,N
0,2,0,202.760861,2.023512,12496.367184,N
0,3,1,187.768861,1.959115,11744.776432,N
0,3,1,179.430861,1.921377,11732.825088,N
0,3,1,208.384861,2.052836,14716.931085,N
0,2,0,199.594861,2.010881,13193.454632,N
0,3,1,214.355861,2.082652,15228.181591,N
0,3,1,209.732861,2.125253,15496.207243,N
0,2,0,201.612861,2.018381,13667.143426,N
0,3,1,187.776861,1.804195,10927.117573,N
0,3,1,207.648861,2.209261,12900.521361,N
0,3,1,195.954861,2.076003,12586.802822,N
0,2,0,191.928861,2.006641,12731.331079,N
0,3,1,192.108861,1.949183,11871.42647,N
0,3,1,197.610861,2.247855,13660.703386,N
0,3,1,171.012861,1.948469,9400.383843,N
0,2,0,210.808861,2.192023,13242.937697,N
0,3,1,205.183861,2.357109,12791.59489,N
0,3,1,190.074861,1.938604,11141.537354,N
0,2,0,188.132861,1.960233,12290.775144,N
0,3,1,213.370861,2.199324,14820.644607,N
0,3,1,203.620861,1.972511,12767.03297,N
0,2,0,170.664861,1.869745,7974.71243,N
0,3,1,185.062861,2.021396,10928.326301,N
0,3,1,198.022861,1.94014,12364.965945,N
0,2,0,193.416861,1.993648,12062.670463,N
0,3,1,197.774861,2.158629,12291.34914,N
0,3,1,209.112861,2.031711,14793.934887,N
0,3,1,186.246861,1.962115,11315.088636,N
0,3,1,213.098861,2.300201,15243.975531,N
0,3,1,214.355861,2.082652,15228.181591,N
0,3,1,212.470861,2.190048,14876.745098,N
0,2,0,181.142861,1.956699,10845.718373,N
0,3,1,165.785861,1.814924,9300.109131,N
0,2,0,208.368861,2.165181,14598.332551,N
0,3,1,191.159861,1.98636,12188.133665,N
0,2,0,181.084861,1.846913,9637.593888,N
0,3,1,180.548861,1.814374,10620.2555,N
0,3,1,207.260861,2.006589,14217.788152,N
0,3,1,206.020861,2.297292,13819.734466,N
0,3,1,216.596861,2.145541,15700.488198,N
0,2,0,182.134861,1.883656,9684.053766,N
0,3,1,181.558861,1.990598,11738.892888,N
0,3,1,193.820861,1.909364,11318.949009,N
0,3,1,179.480861,1.866269,10479.969414,N
0,3,1,187.668861,2.00959,10700.893916,N
0,2,0,190.669861,1.831992,10589.774726,N
0,3,1,217.986861,2.125508,15088.926868,N
0,2,0,181.192861,1.887923,9893.580911,N
0,2,0,179.076861,1.806472,10529.917055,N
0,3,1,196.756861,1.968527,11902.356448,N
0,3,1,197.278861,2.054128,12679.956909,N
0,3,1,176.238861,2.031343,9681.489502,N
0,2,0,169.606861,1.716437,9130.225747,N
0,3,1,201.032861,2.117886,12879.367967,N
0,3,1,221.658861,2.182271,16295.564274,N
0,3,1,206.598861,2.024164,14745.69674,N
0,3,1,191.894861,1.871094,11377.510308,N
1,1,1,144.994861,1.584932,4479.01039,N
1,1,1,147.582861,1.600061,4292.745345,N
1,1,1,159.516861,1.508366,5529.822439,N
1,1,1,167.272861,1.592477,5751.337094,N
1,1,1,133.812861,1.555376,3787.03556,N
1,1,1,139.452861,1.332184,3490.171798,N
1,1,1,137.376861,1.478531,3882.010465,N
1,1,1,130.703861,1.344543,3161.165244,N
1,1,1,140.188861,1.490467,3541.766622,N
1,1,1,137.872861,1.329343,3504.253132,N
1,1,1,142.720861,1.598961,4312.91426,N
1,1,1,151.162861,1.542743,4900.632511,N
1,1,1,133.340861,1.391232,3276.395058,N
1,1,1,171.996861,1.786024,6515.445589,N
1,1,1,137.046861,1.442786,3381.939491,N
1,1,1,171.326861,1.61913,6641.598612,N
1,1,1,171.946861,1.766459,6143.414859,N
1,1,1,138.724861,1.516395,3861.449762,N
1,1,1,135.044861,1.339365,3242.808674,N
1,1,1,152.528861,1.462137,4580.154276,N
1,1,1,149.634861,1.542364,4258.511802,N
1,1,1,141.528861,1.53556,3979.06929,N
1,1,1,135.574861,1.437334,4073.644988,N
1,1,1,161.782861,1.629932,5845.270941,N
1,1,1,135.110861,1.385279,3389.102913,N
1,1,1,136.648861,1.467495,3665.44948,N
1,1,1,136.020861,1.390027,3244.831236,N
1,1,1,141.462861,1.427947,3822.61863,N
1,1,1,142.016861,1.478723,4026.338356,N
1,1,1,130.214861,1.317787,2707.995327,N
1,1,1,141.661861,1.548499,4162.402067,N
1,1,1,133.696861,1.490824,3368.277093,N
1,1,1,134.110861,1.387921,3158.131629,N
1,1,1,137.220861,1.509045,3737.864996,N
1,1,1,143.026861,1.613885,4249.885793,N
1,1,1,135.648861,1.462062,3736.662912,N
1,1,1,157.680861,1.589619,5287.677612,N
1,1,1,133.920861,1.564621,3808.021317,N
1,1,1,141.346861,1.401002,3372.372194,N
1,1,1,144.804861,1.536273,4127.367857,N
1,1,1,162.790861,1.705517,5963.337205,N
1,1,1,134.962861,1.377408,3387.866166,N
1,1,1,143.332861,1.556284,4119.686803,N
1,1,1,149.244861,1.56576,4420.081123,N
1,1,1,161.202861,1.669421,5656.882778,N
1,2,2,149.890861,1.65977,4528.578862,N
1,1,1,154.884861,1.451577,4985.377018,N
1,1,1,128.180861,1.303085,2349.582604,N
1,1,1,138.261861,1.469979,3464.45338,N
1,1,1,136.790861,1.384336,3384.28946,N
1,1,1,129.628861,1.373326,2862.955699,N
1,1,1,148.450861,1.623929,4380.418535,N
1,1,1,139.270861,1.622955,3932.185128,N
1,1,1,135.732861,1.339581,3411.370174,N
1,1,1,132.464861,1.343152,3124.956408,N
1,1,1,133.382861,1.534821,3755.549532,N
1,1,1,135.168861,1.543856,3889.058587,N
1,1,1,156.952861,1.685543,5663.024169,N
1,1,1,133.820861,1.400076,3309.147418,N
1,1,1,140.264861,1.510713,4096.720409,N
1,1,1,150.428861,1.510733,4752.267346,N
1,1,1,138.360861,1.353152,3787.671292,N
1,1,1,132.994861,1.398182,3345.732634,N
1,2,1,139.850861,1.458158,3524.816504,N
1,1,1,164.388861,1.725833,5683.979284,N
1,1,1,136.294861,1.45424,3827.672983,N
1,1,1,138.898861,1.395824,3744.705281,N
1,1,1,137.022861,1.346556,3593.774748,N
1,1,1,131.298861,1.422464,3277.275536,N
1,1,1,150.204861,1.641882,4521.846761,N
1,1,1,146.624861,1.578063,4312.652687,N
1,1,1,133.920861,1.564621,3808.021317,N
1,1,1,136.294861,1.45424,3827.672983,N
1,1,1,142.992861,1.440626,4567.220105,N
1,1,1,134.598861,1.521221,3870.753021,N
1,1,1,138.558861,1.482644,3905.883497,N
1,1,1,132.960861,1.419682,3583.983013,N
1,1,1,136.096861,1.438809,3489.152834,N
1,1,1,133.200861,1.464837,3366.476376,N
1,1,1,140.403861,1.630603,3943.380566,N
1,1,1,131.504861,1.514472,3631.004541,N
1,1,1,130.678861,1.33456,2708.419536,N
1,1,1,137.344861,1.547297,4140.009071,N
1,1,1,146.102861,1.51714,4197.467961,N
1,1,1,149.534861,1.514282,4363.931375,N
1,1,1,131.000861,1.502421,3353.847736,N
1,1,1,133.688861,1.416339,3347.27832,N
1,1,1,160.144861,1.525486,5962.293154,N
1,1,1,141.974861,1.468318,3893.038859,N
1,1,1,133.358861,1.370034,3378.034885,N
1,1,1,134.920861,1.559018,3429.917439,N
1,1,1,140.494861,1.446224,3752.246386,N
1,1,1,138.906861,1.381086,3649.431492,N
1,1,1,130.942861,1.514323,3510.701878,N
1,1,1,138.782861,1.456001,3590.409352,N
1,1,1,143.298861,1.432786,4600.991649,N
1,1,1,140.328861,1.519173,3909.114125,N
1,1,1,136.690861,1.469011,3634.575642,N
1,1,1,131.596861,1.338682,3078.477817,N
1,2,2,159.598861,1.608955,5502.827209,N
1,1,1,130.702861,1.383729,3153.25485,N
1,1,1,134.210861,1.3063,3064.863624,N
1,1,1,155.008861,1.653914,5159.228493,N
1,1,1,139.038861,1.390192,3757.750943,N
1,1,1,160.004861,1.708443,5346.433307,N
1,1,1,138.700861,1.477798,3694.513743,N
1,1,1,134.970861,1.428913,3370.497447,N
1,1,1,146.002861,1.667599,4613.043155,N
1,1,1,138.502861,1.444103,3744.579494,N
1,1,1,135.044861,1.483988,3865.489708,N
1,1,1,151.742861,1.603092,5137.84819,N
1,1,1,136.938861,1.45077,3536.37416,N
1,1,1,140.594861,1.548505,3612.776887,N
1,1,1,147.193861,1.46439,3982.201795,N
1,1,1,142.372861,1.539036,4074.165662,N
1,1,1,131.554861,1.400662,3258.891919,N
1,1,1,133.780861,1.445097,3121.224259,N
1,1,1,162.286861,1.573958,5573.324353,N
1,1,1,127.080861,1.325012,2986.684377,N
1,1,1,133.862861,1.420187,3675.347469,N
1,1,1,141.950861,1.529987,4273.277504,N
1,1,1,137.616861,1.411906,3772.102425,N
1,1,1,136.988861,1.412959,3650.416823,N
1,1,1,157.770861,1.501162,5613.315099,N
1,1,1,131.886861,1.367668,3046.965225,N
1,1,1,134.838861,1.442839,3505.648025,N
1,1,1,136.740861,1.369799,3674.613336,N
1,1,1,138.650861,1.451608,3776.501007,N
1,1,1,131.290861,1.241465,2419.457886,N
1,1,1,139.386861,1.457308,3729.174202,N
1,1,1,126.510861,1.441427,3470.609932,N
1,1,1,144.564861,1.368521,4335.968751,N
1,1,1,144.712861,1.469243,4203.445812,N
1,1,1,135.524861,1.434779,3419.240362,N
1,1,1,151.890861,1.556296,4766.838427,N
1,1,1,166.546861,1.848482,6782.349521,N
1,1,1,145.880861,1.631792,4727.127674,N
1,1,1,148.698861,1.583194,4722.321164,N
0,2,0,138.732861,1.397708,3486.447016,N
1,1,1,169.530861,1.628884,6107.114766,N
1,1,1,140.214861,1.389782,3632.041577,N
1,1,1,131.960861,1.498641,3091.3223,N
1,1,1,131.910861,1.340135,2746.513927,N
1,1,1,140.072861,1.389232,3528.483327,N
1,1,1,135.838861,1.380937,3486.654776,N
1,1,1,130.852861,1.430346,3260.08949,N
1,1,1,138.460861,1.411262,3502.29951,N
1,1,1,139.618861,1.385586,3607.862021,N
1,1,1,154.222861,1.54201,4594.759907,N
1,1,1,145.482861,1.596269,4437.112998,N
1,1,1,141.982861,1.501036,3979.9499,N
1,1,1,161.500861,1.573794,5848.755866,N
1,1,1,155.670861,1.470347,5679.536968,N
1,1,1,134.052861,1.364553,3101.21277,N
1,1,1,142.520861,1.321912,3435.96684,N
1,1,1,145.662861,1.514625,3993.685699,N
1,1,1,148.162861,1.623221,4515.299677,N
1,1,1,133.564861,1.429206,3456.270609,N
1,1,1,134.796861,1.340223,3433.305405,N
0,3,1,182.069861,1.91811,9708.534719,N
1,1,1,144.142861,1.510147,4200.747655,N
1,1,1,150.874861,1.702441,4716.158306,N
1,1,1,152.404861,1.620345,5243.267754,N
1,1,1,131.348861,1.492901,3110.505475,N
1,1,1,134.498861,1.447556,3773.011581,N
1,1,1,144.108861,1.482439,4300.67317,N
1,1,1,141.810861,1.490865,3927.745016,N
1,1,1,133.216861,1.508025,3542.638111,N
1,1,1,134.632861,1.509539,3598.942779,N
1,1,1,140.386861,1.548576,3944.362536,N
1,1,1,137.012861,1.431504,3631.859403,N
1,1,1,136.872861,1.418415,3703.130347,N
1,1,1,146.490861,1.441351,3786.027658,N
1,1,1,142.041861,1.518822,4052.288104,N
1,1,1,135.186861,1.35766,3049.169759,N
1,1,1,133.126861,1.336972,2968.131873,N
1,1,1,139.312861,1.426479,3833.659194,N
1,1,1,140.214861,1.448171,3921.898227,N
1,1,1,132.432861,1.47328,3333.168392,N
1,1,1,131.556861,1.430543,3499.257465,N
1,1,1,131.894861,1.529192,3291.400747,N
1,1,1,141.164861,1.452154,3939.097143,N
1,1,1,144.994861,1.582557,4458.557371,N
1,1,1,130.380861,1.486734,3279.727211,N
1,1,1,167.182861,1.642946,5841.681693,N
1,1,1,131.604861,1.500691,3172.705144,N
1,1,1,139.214861,1.615425,4018.886646,N
1,1,1,133.622861,1.33688,3103.297143,N
1,1,1,137.930861,1.353019,3194.798349,N
1,1,1,139.188861,1.36125,3415.757077,N
1,1,1,135.260861,1.495467,3592.353529,N
1,1,1,157.680861,1.496903,5409.010126,N
1,1,1,135.168861,1.438116,3426.276997,N
1,1,1,162.552861,1.710115,5769.388313,N
1,1,1,135.722861,1.48025,3505.5015,N
1,1,1,138.774861,1.481761,3734.586274,N
1,1,1,129.826861,1.352719,2943.229821,N
1,1,1,152.288861,1.626056,5557.811709,N
1,1,1,147.854861,1.423925,3669.320722,N
1,1,1,134.152861,1.506539,3872.733546,N
0,2,0,138.784861,1.625635,4338.716587,N
0,2,0,144.398861,1.685592,5173.811508,N
0,2,0,182.978861,1.851763,8128.646826,N
0,2,0,158.018861,1.694537,6276.701355,N
0,2,0,153.702861,1.754108,5498.001636,N
0,2,0,175.700861,1.893754,7733.443267,N
0,2,0,142.744861,1.590474,4396.193842,N
0,2,0,171.086861,1.882908,7781.404533,N
0,2,0,152.742861,1.693963,5537.45145,N
0,3,1,162.716861,1.743657,5910.438166,N
0,2,0,168.282861,1.784096,6781.212295,N
0,2,0,155.786861,1.652784,5409.070897,N
0,2,0,160.186861,1.689931,5803.083754,N
0,2,0,154.314861,1.793681,6255.514276,N
0,2,0,164.386861,1.865383,6616.864859,N
0,2,0,156.414861,1.872952,6110.753781,N
0,2,0,146.730861,1.670446,5143.934668,N
0,3,1,151.196861,1.767976,5503.03986,N
0,2,0,165.314861,1.872885,6989.193932,N
0,2,0,172.814861,1.838648,7520.915095,N
0,2,0,151.948861,1.70369,5481.279909,N
0,2,0,148.640861,1.637123,4923.796397,N
0,2,0,148.458861,1.708299,5631.359601,N
0,3,1,154.100861,1.760091,5673.020915,N
0,2,0,149.070861,1.691584,5162.241482,N
0,2,0,170.870861,1.895008,7771.979905,N
0,2,0,150.244861,1.83239,5601.368331,N
0,2,0,162.898861,1.849995,6739.807393,N
0,2,0,155.670861,1.679091,5771.403754,N
0,2,0,167.190861,1.78902,7505.717974,N
0,3,1,151.386861,1.755183,5791.839752,N
0,2,0,154.264861,1.700362,5804.513685,N
0,3,1,169.258861,1.769623,7795.440367,N
0,2,0,147.474861,1.665408,5107.881513,N
0,2,0,147.632861,1.621086,5048.215818,N
0,3,1,173.674861,1.815793,7754.129402,N
0,2,0,143.156861,1.64048,4602.78002,N
0,2,0,163.964861,1.922235,6905.209731,N
0,3,1,161.550861,1.81135,7658.608567,N
0,2,0,168.646861,1.781675,6602.766567,N
0,2,0,142.090861,1.63912,4859.757671,N
0,2,0,165.982861,1.778655,6568.861082,N
0,2,0,148.276861,1.832524,5463.703246,N
0,2,0,149.682861,1.642353,5062.765658,N
0,2,0,164.320861,1.828026,7234.665223,N
0,2,0,150.038861,1.666552,5114.151769,N
0,2,0,136.212861,1.566084,3804.180776,N
0,2,0,139.510861,1.622985,4802.081171,N
0,3,1,149.352861,1.746414,5238.074186,N
0,2,0,181.216861,1.969082,8213.626702,N
0,2,0,154.016861,1.648052,5139.937308,N
0,2,0,150.344861,1.676462,5191.939089,N
0,2,0,152.180861,1.873594,6067.469846,N
0,2,0,150.558861,1.768127,5307.033963,N
0,2,0,141.908861,1.630219,4761.696756,N
0,2,0,152.122861,1.605981,5428.167873,N
0,2,0,145.928861,1.564888,4618.575608,N
0,2,0,170.292861,1.927728,7822.51754,N
0,2,0,153.842861,1.817754,5702.682759,N
0,2,0,156.216861,1.80661,5682.88196,N
0,2,0,173.450861,2.029941,8111.686893,N
0,2,0,145.448861,1.654504,5280.832954,N
0,2,0,155.810861,1.765212,5783.671312,N
0,2,0,151.600861,1.777287,5366.174052,N
0,2,0,149.732861,1.622174,4621.767825,N
0,2,0,165.818861,1.749347,7206.800154,N
0,2,0,151.692861,1.739733,5907.466223,N
0,2,0,149.520861,1.897725,7289.736604,N
0,2,0,145.166861,1.694557,5025.357106,N
0,2,0,157.456861,1.785301,6707.976019,N
0,2,0,157.786861,1.774764,5487.846081,N
0,2,0,145.076861,1.561402,4603.182278,N
0,2,0,152.742861,1.62625,5287.995946,N
0,2,0,151.684861,1.631335,5022.429939,N
0,2,0,154.744861,1.817286,6011.443644,N
0,2,0,151.072861,1.711535,5379.308241,N
0,2,0,171.490861,1.965168,7399.497323,N
0,2,0,148.996861,1.478654,4450.292723,N
0,2,0,161.186861,1.879952,6490.322959,N
0,2,0,151.204861,1.634509,5107.93271,N
0,2,0,158.738861,1.737778,6341.384316,N
0,2,0,144.538861,1.648178,4699.553636,N
0,2,0,153.876861,1.639492,5399.077699,N
0,2,0,152.370861,1.6447,5102.279936,N
0,2,0,175.890861,1.964391,7440.402551,N
0,2,0,160.798861,1.733136,6475.968172,N
0,2,0,167.670861,1.790296,6451.14901,N
0,2,0,169.258861,1.934808,7679.001231,N
0,2,0,151.700861,1.72422,5305.917686,N
0,2,0,156.224861,1.724601,5599.429706,N
0,2,0,164.692861,1.790863,7149.216992,N
0,2,0,171.358861,1.796521,7385.297999,N
0,2,0,144.654861,1.652202,5119.477231,N
0,3,1,163.626861,1.807698,7304.594738,N
0,2,0,150.964861,1.711692,5378.153104,N
0,2,0,154.818861,1.687258,5429.365208,N
0,2,0,153.950861,1.815847,5858.313683,N
0,2,0,156.414861,1.856303,5837.602998,N
0,2,0,165.056861,1.815163,7636.315451,N
0,3,1,152.378861,1.769676,5600.139191,N
0,2,0,148.756861,1.708887,5074.981024,N
0,3,1,166.504861,1.748048,7388.362408,N
0,2,0,176.800861,1.837155,7854.619245,N
0,3,1,161.518861,1.764231,6808.958115,N
0,2,0,154.818861,1.702574,5592.53361,N
0,2,0,149.740861,1.66067,5272.361447,N
0,2,0,146.796861,1.680806,5290.632432,N
0,2,0,151.386861,1.733361,5417.69733,N
0,3,1,153.710861,1.741421,5741.904542,N
0,2,0,167.802861,1.908784,6848.912428,N
0,3,1,150.800861,1.613639,5583.441335,N
0,2,0,146.184861,1.628803,4934.952439,N
0,2,0,148.988861,1.727381,5284.601928,N
0,2,0,158.036861,1.679032,6097.384825,N
0,2,0,155.596861,1.675845,5590.624059,N
0,2,0,151.204861,1.748648,5467.945396,N
0,2,0,164.288861,1.759233,7185.352359,N
0,2,0,153.056861,1.799023,6496.403962,N
0,2,0,164.552861,1.753241,6549.033872,N
0,2,0,167.090861,1.885418,7108.826104,N
0,2,0,158.242861,1.690841,6450.001211,N
0,3,1,149.352861,1.746414,5238.074186,N
0,3,1,163.560861,1.790566,6611.494089,N
0,2,0,151.626861,1.667471,5034.63378,N
0,2,0,169.588861,1.803043,7834.897663,N
0,2,0,151.634861,1.634364,5188.516297,N
0,2,0,159.540861,1.776231,7222.245272,N
0,2,0,172.102861,1.879837,7773.638677,N
0,2,0,163.354861,1.956053,6661.612236,N
0,3,0,151.138861,1.776479,5758.678756,N
0,2,0,157.158861,1.670889,5314.059776,N
0,2,0,173.442861,1.874899,7663.136511,N
0,2,0,154.786861,1.724647,5859.667364,N
0,2,0,171.788861,1.968583,7881.51558,N
0,2,0,176.684861,1.993675,8019.092088,N
0,2,0,149.566861,1.647322,5125.744353,N
0,2,0,153.404861,1.728226,5576.294043,N
0,2,0,164.668861,1.786624,6406.445856,N
0,2,0,147.788861,1.619124,4827.525901,N
0,2,0,149.252861,1.618167,5040.41472,N
0,3,1,169.332861,1.932483,7978.350447,N
0,2,0,164.990861,1.839776,7325.332902,N
0,2,0,160.102861,1.708266,5459.909319,N
0,2,0,164.255861,1.729234,5534.869802,N
0,2,0,147.268861,1.62698,4890.223053,N
0,2,0,163.956861,1.749388,7541.671635,N
0,2,0,165.900861,1.776495,7074.891389,N
0,2,0,145.704861,1.556871,4794.74799,N
0,2,0,148.880861,1.716013,5248.51333,N
0,3,1,164.982861,1.9392,8268.120006,N
0,2,0,158.400861,1.675783,5618.883059,N
0,2,0,153.528861,1.698746,5613.870729,N
0,2,0,150.700861,1.666174,5275.072765,N
0,3,1,158.374861,1.772942,6822.504922,N
0,2,0,154.992861,1.728291,5654.590735,N
0,2,0,148.028861,1.650637,5120.638273,N
0,2,0,150.534861,1.603885,5077.808816,N
0,2,0,184.598861,1.9221,7624.827763,N
0,2,0,166.214861,1.749858,7366.939967,N
0,3,1,161.814861,1.791807,7290.581565,N
0,2,0,149.352861,1.584524,4844.883902,N
0,2,0,154.090861,1.686894,5242.932566,N
0,2,0,167.918861,1.819197,7143.929038,N
0,2,0,147.284861,1.71781,5360.558664,N
0,2,0,163.328861,1.844445,6493.591741,N
0,2,0,164.014861,1.71362,6765.264567,N
0,2,0,154.578861,1.735923,5632.260445,N
0,2,0,151.998861,1.621798,5346.720564,N
0,2,0,151.270861,1.617505,4878.17347,N
0,2,0,167.488861,1.897515,7774.274672,N
0,2,0,159.168861,1.804712,6686.468148,N
0,2,0,153.834861,1.788102,5658.90103,N
0,2,0,158.482861,1.72848,6313.478862,N
0,3,1,170.978861,1.846908,7395.695911,N
0,2,0,153.652861,1.662192,5307.170667,N
0,2,0,149.270861,1.600726,5011.899493,N
0,3,1,177.644861,2.059619,8540.495366,N
0,2,0,165.494861,1.882531,7756.242588,N
0,2,0,179.256861,1.969827,8722.854512,N
0,2,0,149.054861,1.675216,5008.420685,N
0,2,0,184.722861,2.028354,8516.526479,N
0,2,0,149.376861,1.600707,5019.134661,N
0,2,0,155.050861,1.709026,5522.524233,N
0,2,0,171.416861,1.804623,7635.354659,N
0,2,0,159.012861,1.717652,5416.057025,N
0,2,0,148.202861,1.680375,5132.458296,N
0,2,0,158.796861,1.720371,5638.379721,N
0,2,0,156.820861,1.780969,5914.955645,N
0,2,0,150.782861,1.749659,5262.351145,N
0,3,1,162.741861,1.7816,6573.338199,N
0,3,1,157.266861,1.824898,6479.274489,N
0,3,1,153.834861,1.624055,5670.608973,N
0,2,0,154.942861,1.703938,5473.071078,N
0,3,1,150.038861,1.743979,6081.528557,N
0,2,0,156.150861,1.815022,5879.715664,N
0,2,0,159.962861,1.872088,6483.969784,N
0,2,0,147.912861,1.654522,4736.962853,N
0,2,0,157.216861,1.7083,5667.700234,N
0,2,0,171.276861,1.892213,7905.111696,N
0,3,1,148.872861,1.637185,5111.118269,N
2,0,2,134.564861,1.263231,1841.434062,N
1,1,1,122.978861,1.14313,1721.758291,N
2,0,2,137.938861,1.252616,2444.598327,N
2,0,2,137.426861,1.339198,2618.793923,N
2,0,2,141.064861,1.350685,2055.06725,N
2,0,2,136.732861,1.286436,2217.582095,N
2,0,2,126.642861,1.268642,2121.958963,N
2,0,2,135.524861,1.258384,1997.329911,N
2,0,2,126.063861,1.279903,1997.840212,N
2,0,2,121.424861,1.238431,1917.771659,N
2,0,2,131.892861,1.280693,1846.363407,N
2,0,2,135.292861,1.265867,1992.687702,N
1,1,1,134.324861,1.28541,2131.003237,N
2,0,2,130.578861,1.223107,1619.730951,N
2,0,2,128.973861,1.339271,1957.849352,N
2,0,2,134.539861,1.24186,2050.496219,N
1,1,1,190.942861,1.977409,8075.116096,N
2,0,2,133.556861,1.265026,1872.546277,N
2,0,2,143.967861,1.431406,2188.281562,N
2,0,2,134.258861,1.30989,1879.321131,N
2,0,2,132.216861,1.362828,1843.309384,N
2,0,2,132.199861,1.264347,2081.769746,N
2,0,2,135.590861,1.267958,2172.984231,N
2,0,2,129.520861,1.207222,2127.84117,N
2,0,2,127.378861,1.27682,1909.905917,N
2,0,2,138.212861,1.334181,2691.372088,N
2,0,2,139.130861,1.339128,2498.09638,N
2,0,2,129.438861,1.280603,1817.131759,N
2,0,2,137.318861,1.275733,1898.09921,N
2,0,2,136.896861,1.380973,2133.624807,N
2,0,2,134.804861,1.256472,1864.701871,N
2,0,2,131.372861,1.229189,1777.64522,N
2,0,2,125.534861,1.271243,1763.870384,N
2,0,2,132.951861,1.355997,2153.698582,N
2,0,2,136.706861,1.298527,2043.126189,N
2,0,2,130.884861,1.362814,2055.450086,N
2,0,2,132.075861,1.343555,1913.776024,N
2,0,2,137.152861,1.38179,2300.605046,N
2,0,2,133.878861,1.263102,2044.167616,N
2,0,2,128.338861,1.336304,2415.063802,N
2,0,2,132.827861,1.367301,2099.973355,N
2,0,2,125.392861,1.223389,1671.228645,N
1,1,1,190.538861,1.877032,8102.434476,N
2,0,2,133.208861,1.340346,2283.56162,N
2,0,2,134.861861,1.255633,2222.223344,N
2,0,2,126.650861,1.301121,1923.825353,N
2,0,2,133.084861,1.329825,1885.387383,N
2,0,2,134.366861,1.306265,1958.665971,N
2,0,2,134.350861,1.334959,1932.024219,N
2,0,2,139.700861,1.315092,2066.564689,N
2,0,2,132.886861,1.296504,2076.596079,N
2,0,2,140.552861,1.313638,2327.407319,N
2,0,2,131.670861,1.373808,1992.527073,N
2,0,2,135.582861,1.355637,2055.996931,N
2,0,2,132.720861,1.266422,1747.685781,N
2,0,2,132.944861,1.300966,1951.218327,N
2,0,2,139.046861,1.392899,2362.858659,N
2,0,2,128.924861,1.329784,1922.10832,N
2,0,2,128.370861,1.327624,1816.484394,N
2,0,2,128.775861,1.320327,1830.49453,N
2,0,2,136.954861,1.29357,2256.301916,N
2,0,2,135.862861,1.340864,2162.956277,N
2,0,2,140.569861,1.402859,2524.030891,N
2,0,2,134.224861,1.402375,2234.114623,N
2,0,2,125.600861,1.225419,1749.440546,N
2,0,2,135.283861,1.406702,2188.462527,N
2,0,2,130.892861,1.334125,1668.25292,N
2,0,2,120.126861,1.408302,2450.887635,N
2,0,2,135.094861,1.351607,2031.048631,N
2,0,2,142.478861,1.445625,2618.490293,N
2,0,2,135.516861,1.322164,1963.822806,N
2,0,2,135.912861,1.276593,2114.62544,N
2,0,2,135.772861,1.322291,2157.832651,N
2,0,2,137.054861,1.366071,2099.035964,N
2,0,2,130.726861,1.236132,1855.233811,N
2,0,2,136.102861,1.279797,1938.760646,N
2,0,2,139.013861,1.425297,2520.049956,N
2,0,2,130.430861,1.268754,1916.95008,N
2,0,2,126.980861,1.280943,1651.017993,N
2,0,2,130.966861,1.328822,1835.493177,N
2,0,2,131.330861,1.350095,2183.603608,N
2,0,2,127.254861,1.283707,2108.481483,N
2,0,2,123.937861,1.239982,1710.51752,N
2,0,2,133.250861,1.35025,2140.450321,N
2,0,2,128.784861,1.201674,1649.756224,N
2,0,2,130.198861,1.238115,1786.454317,N
2,0,2,131.877861,1.367575,2079.67875,N
2,0,2,149.782861,1.438308,3298.129044,N
2,0,2,131.148861,1.345546,2211.306863,N
2,0,2,132.422861,1.284319,1909.576262,N
2,0,2,130.578861,1.308071,1888.410905,N
1,1,1,204.348861,2.035542,8672.428438,N
2,0,2,133.125861,1.348984,2289.727102,N
2,0,2,129.594861,1.34572,1765.41119,N
2,0,2,136.102861,1.323928,1866.865532,N
2,0,2,132.009861,1.338539,2065.702851,N
2,0,2,126.858861,1.400423,2670.501968,N
2,0,2,137.930861,1.400386,2457.486553,N
2,0,2,137.632861,1.44095,2371.636337,N
2,0,2,139.336861,1.325765,2369.105419,N
2,0,2,132.009861,1.319083,1899.841952,N
2,0,2,134.432861,1.31316,2298.117079,N
1,1,1,180.796861,1.930449,8700.297025,N
2,0,2,141.097861,1.384923,2532.448181,N
2,0,2,129.983861,1.340706,2249.368104,N
2,0,2,125.592861,1.280105,2104.69712,N
2,0,2,135.052861,1.265014,2251.761894,N
2,0,2,136.830861,1.318526,1918.847286,N
2,0,2,136.202861,1.331247,2239.219527,N
2,0,2,131.496861,1.311491,2063.889277,N
2,0,2,131.472861,1.239017,1861.615988,N
2,0,2,123.938861,1.280927,1828.756603,N
2,0,2,131.778861,1.272818,2035.183902,N
2,0,2,134.424861,1.247495,2128.876791,N
2,0,2,125.774861,1.279457,1791.271365,N
2,0,2,131.306861,1.264558,1984.421895,N
2,0,2,129.032861,1.339884,1740.098977,N
2,0,2,130.066861,1.250432,1909.789703,N
2,0,2,135.532861,1.288838,1940.111926,N
2,0,2,128.792861,1.350261,1961.917926,N
2,0,2,128.626861,1.343888,1933.915092,N
2,0,2,137.243861,1.352839,2252.597869,N
2,0,2,132.034861,1.299906,1753.743028,N
2,0,2,134.068861,1.248931,1891.984879,N
2,0,2,135.300861,1.256985,1848.147037,N
2,0,2,126.038861,1.266591,1692.114899,N
2,0,2,132.150861,1.284722,2083.884381,N
2,0,2,127.634861,1.256588,2098.88005,N
2,0,2,132.902861,1.341541,1871.073825,N
1,1,1,131.795861,1.305529,2636.675607,N
2,0,2,132.438861,1.35431,1942.15511,N
2,0,2,130.082861,1.231427,1876.733282,N
2,0,2,133.316861,1.380633,2400.049867,N
2,0,2,131.934861,1.295769,2035.777483,N
2,0,2,136.276861,1.398158,2337.219067,N
2,0,2,128.958861,1.219414,1778.346774,N
2,0,2,138.278861,1.363874,2915.485172,N
2,0,2,136.954861,1.287808,2010.754617,N
2,0,2,138.634861,1.363225,2542.039593,N
2,1,3,128.668861,1.269088,1728.209448,N
2,0,2,132.994861,1.308561,2065.998751,N
2,0,2,131.952861,1.259094,2395.103975,N
2,0,2,133.060861,1.342277,2114.702755,N
2,0,2,140.419861,1.347618,2450.191202,N
2,0,2,126.493861,1.276847,1847.042501,N
2,0,2,130.512861,1.235498,1776.552172,N
2,0,2,132.273861,1.291296,2050.732829,N
2,0,2,133.474861,1.241368,2036.58768,N
2,0,2,132.026861,1.257644,2090.139034,N
2,0,2,139.816861,1.462808,2377.896613,N
2,0,2,127.808861,1.334426,1988.104822,N
2,0,2,134.307861,1.358334,2068.635969,N
2,0,2,138.443861,1.417581,2797.936673,N
2,0,2,131.918861,1.365235,1860.011587,N
2,0,2,125.831861,1.254208,1852.241551,N
2,0,2,122.450861,1.38839,2048.900414,N
2,0,2,128.668861,1.192144,1902.619483,N
2,0,2,131.554861,1.327085,2967.872238,N
2,0,2,125.046861,1.353733,2248.211841,N
2,0,2,134.746861,1.295425,1750.978168,N
2,0,2,131.256861,1.256051,1709.866945,N
2,0,2,126.527861,1.30506,2250.359111,N
2,0,2,129.296861,1.329185,1907.43411,N
2,0,2,133.398861,1.29455,2121.614274,N
2,0,2,135.408861,1.392017,2407.18951,N
2,0,2,131.232861,1.274285,1785.374617,N
2,0,2,129.528861,1.279135,1872.963289,N
2,0,2,128.676861,1.286587,1777.753184,N
2,0,2,136.128861,1.324969,2154.672999,N
2,0,2,140.304861,1.441392,2519.99986,N
2,0,2,136.020861,1.309194,1782.998221,N
2,0,2,138.972861,1.308967,2188.831933,N
2,0,2,132.390861,1.28782,1863.827867,N
2,0,2,129.562861,1.252884,2117.851821,N
2,0,2,128.254861,1.328211,1889.027063,N
2,0,2,125.956861,1.286337,1810.839013,N
2,0,2,131.198861,1.339871,2094.817373,N
2,0,2,132.736861,1.385879,1963.767182,N
2,0,2,133.911861,1.37846,1917.921424,N
1,1,1,133.447861,1.221363,2124.816323,N
2,0,2,129.404861,1.330296,2059.806534,N
2,0,2,132.836861,1.277805,1836.407664,N
2,0,2,133.134861,1.313941,1880.996046,N
2,1,3,141.726861,1.376182,2574.034752,N
2,0,2,125.856861,1.232347,1721.659503,N
2,0,2,136.747861,1.363863,2222.478423,N
2,0,2,128.528861,1.260791,2036.148964,N
2,0,2,133.068861,1.352777,1753.588754,N
2,0,2,136.019861,1.340774,2164.1778,N
2,0,2,134.018861,1.265839,1898.301427,N
2,0,2,133.266861,1.293269,1878.885378,N
2,0,2,131.364861,1.285505,1949.705089,N
2,0,2,133.258861,1.252359,1958.511863,N
2,0,2,125.368861,1.263068,2031.281448,N
2,0,2,138.095861,1.456876,2212.692582,N
2,0,2,127.990861,1.193613,1837.066641,N
2,0,2,139.352861,1.329705,2039.979949,N
2,0,2,134.431861,1.296923,2001.014145,N
2,0,2,131.752861,1.285441,1788.366626,N
2,0,2,122.523861,1.209959,1654.651707,N
1,1,1,134.632861,1.509539,3598.942779,N
1,1,1,136.938861,1.45077,3536.37416,N
1,1,1,161.782861,1.629932,5845.270941,N
1,1,1,133.490861,1.473635,3724.809452,N
1,1,1,166.546861,1.848482,6782.349521,N
1,1,1,127.230861,1.417616,2834.117472,N
1,1,1,135.260861,1.495467,3592.353529,N
1,1,1,134.374861,1.414656,3335.647878,N
1,1,1,133.862861,1.420187,3675.347469,N
1,1,1,137.616861,1.411906,3772.102425,N
1,1,1,138.816861,1.510611,3958.131954,N
1,1,1,138.650861,1.451608,3776.501007,N
1,1,1,145.482861,1.596269,4437.112998,N
1,1,1,134.110861,1.387921,3158.131629,N
1,1,1,143.332861,1.556284,4119.686803,N
1,1,1,137.376861,1.478531,3882.010465,N
1,1,1,149.534861,1.514282,4363.931375,N
1,1,1,139.188861,1.36125,3415.757077,N
1,1,1,143.298861,1.432786,4600.991649,N
1,1,1,128.469861,1.404298,3095.057527,N
1,1,1,134.920861,1.559018,3429.917439,N
1,1,1,150.874861,1.702441,4716.158306,N
1,1,1,131.778861,1.421388,3017.269037,N
1,1,1,133.820861,1.400076,3309.147418,N
1,1,1,133.688861,1.416339,3347.27832,N
1,1,1,157.680861,1.589619,5287.677612,N
1,1,1,147.854861,1.423925,3669.320722,N
1,1,1,128.775861,1.367185,2948.401601,N
1,1,1,142.588861,1.61934,4173.608132,N
1,1,1,133.812861,1.435998,3300.499158,N
1,1,1,151.742861,1.603092,5137.84819,N
1,1,1,133.622861,1.33688,3103.297143,N
1,1,1,171.516861,1.624576,6554.344946,N
1,1,1,139.096861,1.450297,3412.500862,N
1,1,1,134.432861,1.362228,3336.496211,N
1,1,1,137.988861,1.413854,3551.972457,N
1,1,1,153.562861,1.645564,4823.132617,N
1,1,1,138.088861,1.465022,3653.943895,N
1,1,1,162.286861,1.573958,5573.324353,N
1,1,1,148.698861,1.583194,4722.321164,N
1,1,1,145.880861,1.631792,4727.127674,N
1,1,1,137.758861,1.432438,3896.595359,N
1,1,1,129.536861,1.281572,3024.629928,N
1,1,1,141.810861,1.490865,3927.745016,N
1,1,1,141.486861,1.405865,3506.943928,N
1,1,1,135.028861,1.414662,3033.30714,N
1,2,2,159.598861,1.608955,5502.827209,N
1,1,1,136.252861,1.459019,3523.050061,N
1,1,1,144.804861,1.536273,4127.367857,N
1,1,1,162.790861,1.705517,5963.337205,N
1,1,1,133.126861,1.336972,2968.131873,N
1,1,1,142.992861,1.440626,4567.220105,N
1,1,1,161.202861,1.669421,5656.882778,N
1,2,1,139.850861,1.458158,3524.816504,N
1,1,1,140.214861,1.389782,3632.041577,N
1,1,1,137.038861,1.378883,3360.468494,N
0,3,1,180.340861,1.974264,10788.408397,N
1,1,1,129.330861,1.291504,2478.487674,N
1,1,1,138.840861,1.476135,3995.812068,N
1,1,1,134.970861,1.428913,3370.497447,N
1,1,1,134.796861,1.340223,3433.305405,N
1,1,1,129.826861,1.352719,2943.229821,N
1,1,1,144.994861,1.582557,4458.557371,N
1,1,1,130.894861,1.485332,3634.474219,N
1,1,1,153.082861,1.549213,5036.120711,N
1,1,1,135.772861,1.437404,3501.144668,N
1,1,1,128.180861,1.303085,2349.582604,N
1,1,1,138.270861,1.497997,4050.590448,N
1,1,1,137.608861,1.432826,3886.525414,N
1,1,1,141.528861,1.53556,3979.06929,N
1,1,1,177.470861,1.762322,6732.361475,N
1,1,1,140.494861,1.446224,3752.246386,N
1,1,1,157.770861,1.501162,5613.315099,N
1,1,1,133.358861,1.370034,3378.034885,N
1,1,1,145.662861,1.514625,3993.685699,N
1,1,1,130.380861,1.486734,3279.727211,N
1,1,1,156.952861,1.685543,5663.024169,N
1,1,1,136.888861,1.410044,3564.512916,N
1,1,1,136.790861,1.384336,3384.28946,N
1,1,1,141.982861,1.501036,3979.9499,N
1,1,1,150.428861,1.510733,4752.267346,N
1,1,1,138.261861,1.469979,3464.45338,N
1,1,1,130.214861,1.317787,2707.995327,N
1,1,1,134.672861,1.340656,2783.463557,N
1,1,1,123.236861,1.400701,2867.356515,N
1,1,1,164.800861,1.583437,5914.604864,N
1,1,1,154.884861,1.451577,4985.377018,N
1,1,1,141.462861,1.427947,3822.61863,N
1,1,1,131.596861,1.338682,3078.477817,N
1,1,1,134.144861,1.464134,3608.452753,N
1,1,1,141.346861,1.401002,3372.372194,N
1,1,1,138.460861,1.411262,3502.29951,N
1,1,1,133.920861,1.564621,3808.021317,N
1,1,1,146.350861,1.563774,4257.202425,N
1,1,1,136.988861,1.412959,3650.416823,N
1,1,1,142.016861,1.478723,4026.338356,N
1,1,1,155.008861,1.653914,5159.228493,N
1,1,1,140.264861,1.510713,4096.720409,N
1,1,1,132.522861,1.489415,3423.617981,N
1,1,1,139.850861,1.535636,4077.83686,N
1,1,1,148.128861,1.684989,4755.585078,N
1,1,1,133.564861,1.429206,3456.270609,N
1,1,1,130.578861,1.441489,3346.083932,N
1,1,1,135.070861,1.437074,3605.527977,N
1,1,1,138.576861,1.442905,3575.016364,N
1,1,1,143.736861,1.373109,3940.943157,N
1,1,1,137.930861,1.353019,3194.798349,N
0,3,1,186.312861,1.950606,11687.239766,N
1,1,1,135.326861,1.375732,2986.026595,N
1,1,1,133.812861,1.555376,3787.03556,N
1,1,1,131.910861,1.340135,2746.513927,N
1,1,1,135.102861,1.464756,3662.653051,N
1,1,1,130.702861,1.442858,3076.358131,N
1,1,1,138.724861,1.516395,3861.449762,N
1,1,1,142.372861,1.539036,4074.165662,N
1,1,1,130.852861,1.430346,3260.08949,N
1,1,1,140.610861,1.547502,4022.354174,N
1,1,1,132.472861,1.419565,3442.718957,N
1,1,1,151.162861,1.542743,4900.632511,N
1,1,1,135.574861,1.437334,4073.644988,N
1,1,1,140.403861,1.630603,3943.380566,N
1,1,1,150.360861,1.503396,4641.723604,N
1,1,1,143.026861,1.613885,4249.885793,N
1,1,1,138.906861,1.381086,3649.431492,N
1,1,1,141.974861,1.468318,3893.038859,N
1,1,1,144.994861,1.584932,4479.01039,N
1,1,1,141.256861,1.56658,4140.395264,N
1,1,1,145.862861,1.367023,4350.236175,N
1,1,1,159.358861,1.615849,5586.482263,N
1,1,1,148.450861,1.623929,4380.418535,N
1,1,1,135.168861,1.538819,3747.219262,N
1,2,2,149.890861,1.65977,4528.578862,N
1,1,1,133.382861,1.534821,3755.549532,N
1,1,1,133.564861,1.349087,3301.989829,N
1,1,1,138.650861,1.420637,3690.079426,N
1,1,1,128.230861,1.30956,2741.03901,N
1,1,1,161.500861,1.573794,5848.755866,N
1,1,1,144.514861,1.565643,3954.637728,N
1,1,1,142.098861,1.5065,3962.68766,N
1,1,1,149.634861,1.542364,4258.511802,N
1,1,1,135.954861,1.416569,3366.193694,N
1,1,1,130.926861,1.237328,2435.214416,N
1,1,1,144.712861,1.469243,4203.445812,N
1,1,1,135.722861,1.48025,3505.5015,N
1,1,1,137.220861,1.509045,3737.864996,N
0,2,0,177.752861,1.948869,9450.666318,N
1,1,1,138.558861,1.482644,3905.883497,N
1,1,1,134.688861,1.338318,3260.97243,N
1,1,1,136.872861,1.418415,3703.130347,N
1,1,1,134.928861,1.321973,3476.298443,N
1,1,1,128.594861,1.283351,2595.600228,N
0,2,0,195.864861,2.062003,8714.098781,N
0,2,0,183.906861,1.976439,9575.16658,N
1,1,1,131.686861,1.473021,3127.842539,N
0,2,0,138.732861,1.397708,3486.447016,N
1,1,1,134.598861,1.521221,3870.753021,N
1,1,1,135.186861,1.35766,3049.169759,N
1,1,1,137.186861,1.450333,3740.476333,N
1,1,1,137.502861,1.403331,3465.855896,N
1,1,1,152.528861,1.462137,4580.154276,N
1,1,1,127.370861,1.464424,3225.833473,N
1,1,1,134.482861,1.302759,2915.846549,N
1,1,1,146.490861,1.441351,3786.027658,N
1,1,1,127.080861,1.325012,2986.684377,N
1,1,1,134.780861,1.424896,3456.046833,N
1,1,1,137.046861,1.442786,3381.939491,N
1,1,1,129.306861,1.377709,2787.453038,N
1,1,1,149.294861,1.502203,4784.061922,N
1,1,1,133.878861,1.346231,3355.432675,N
1,1,1,138.774861,1.481761,3734.586274,N
1,1,1,133.200861,1.464837,3366.476376,N
1,1,1,128.354861,1.331942,2880.566016,N
1,1,1,138.782861,1.456001,3590.409352,N
1,1,1,134.814861,1.395206,3344.928005,N
1,1,1,132.158861,1.51445,3409.961788,N
1,1,1,138.716861,1.39488,3507.900758,N
1,1,1,147.706861,1.550698,4393.090846,N
1,1,1,135.996861,1.444872,3362.541425,N
1,1,1,135.044861,1.339365,3242.808674,N
1,1,1,131.886861,1.367668,3046.965225,N
1,1,1,140.512861,1.516704,3837.232096,N
1,1,1,150.592861,1.494493,5004.589369,N
1,1,1,154.222861,1.54201,4594.759907,N
1,1,1,132.960861,1.419682,3583.983013,N
1,1,1,138.178861,1.429059,3696.041719,N
1,1,1,139.214861,1.615425,4018.886646,N
1,1,1,139.618861,1.385586,3607.862021,N
1,1,1,142.992861,1.521359,4346.464588,N
1,1,1,135.648861,1.462062,3736.662912,N
1,1,1,137.022861,1.346556,3593.774748,N
1,1,1,138.700861,1.477798,3694.513743,N
1,1,1,130.042861,1.364308,2948.697092,N
1,1,1,153.256861,1.667748,5103.719867,N
1,1,1,159.268861,1.583536,5357.082343,N
1,1,1,139.882861,1.475729,3902.319985,N
1,1,1,157.498861,1.655794,5326.025889,N
1,1,1,152.404861,1.620345,5243.267754,N
1,1,1,134.672861,1.541987,3766.763222,N
1,1,1,142.926861,1.426381,4118.32732,N
1,1,1,133.920861,1.564621,3808.021317,N